Label,Test,DIP Ranking,GO Raking,Average Ranking,DIP Prob (Original),GO Prob (Original),Average Prob (from originals GO and DIP),DIP Prob (Normalised),GO Prob (Normalised),Average Prob (from normalised GO and DIP)
INSR,1,28,2,7,0.887968931,0.694477291,0.791223111,0.903312655,0.984634681,0.943973668
GNAI2,1,1,7,11.5,0.982579715,0.653688837,0.818134276,1,0.876391296,0.938195648
GNAI3,1,3,10,14.5,0.981347239,0.643166153,0.812256696,0.998740473,0.848466459,0.923603466
GNAO1,1,7,15,20,0.959476905,0.632344409,0.795910657,0.976390119,0.819747985,0.898069052
SLC2A4,1,5,17,23.5,0.966783784,0.627863377,0.79732358,0.983857372,0.807856334,0.895856853
ATG5,1,33,8,41,0.879485966,0.652458395,0.76597218,0.894643502,0.87312598,0.883884741
GNAI1,1,4,25,37.5,0.980428346,0.613462203,0.796945274,0.997801412,0.769638856,0.883720134
GOT2,0,37,11,15,0.867176616,0.639999796,0.753588206,0.882063981,0.84006366,0.86106382
GNA11,1,14,30,45.5,0.934602716,0.609172375,0.771887546,0.95096998,0.758254619,0.8546123
GOT1,0,87,3,11.5,0.748087533,0.679965559,0.714026546,0.760361075,0.946123807,0.853242441
SLC2A10,1,11,34,54.5,0.939906281,0.605683836,0.772795058,0.95638995,0.74899682,0.852693385
SLC2A1,1,8,41,54.5,0.949901864,0.600856425,0.775379145,0.966604921,0.736185958,0.851395439
TSC1,0,6,53,63,0.962076853,0.592555595,0.777316224,0.979047132,0.714157421,0.846602277
CTH,0,21,27,36.5,0.91188202,0.611452767,0.761667393,0.927750599,0.764306266,0.846028433
GABARAP,1,15,37,52,0.933968676,0.602773915,0.768371296,0.950322024,0.741274544,0.845798284
GABARAPL2,1,12,52,62.5,0.937024233,0.593157082,0.765090657,0.953444645,0.715753634,0.834599139
GNAZ,1,20,48,64,0.918298459,0.597628851,0.757963655,0.934307869,0.727620702,0.830964286
SLC2A2,1,2,85,108,0.982080876,0.570575854,0.776328365,0.999490212,0.655828132,0.827659172
GABARAPL1,1,24,42,56,0.903552127,0.60066647,0.752109298,0.919237878,0.735681859,0.827459868
PRKAA1,1,23,44,59.5,0.90409279,0.599196757,0.751644773,0.919790407,0.731781572,0.82578599
GCLM,0,19,58,73,0.929466624,0.587326799,0.758396711,0.945721158,0.700281373,0.823001266
GNAQ,1,38,26,52.5,0.86167192,0.613186085,0.737429002,0.876438465,0.768906102,0.822672283
GNA15,1,35,32,50,0.873562025,0.608190027,0.740876026,0.88858954,0.755647688,0.822118614
GNA14,1,30,45,73.5,0.887237846,0.598416875,0.74282736,0.902565524,0.729711939,0.816138732
ATG7,1,70,16,33.5,0.796270205,0.631241445,0.713755825,0.809601283,0.816820967,0.813211125
SLC2A8,1,16,72,88.5,0.932444296,0.575399234,0.753921765,0.948764185,0.668628298,0.808696242
SLC2A12,1,16,75,92,0.932444296,0.574215693,0.753329994,0.948764185,0.665487446,0.807125816
IRS2,0,81,14,19.5,0.763996798,0.634534681,0.69926574,0.776619524,0.825560474,0.801089999
SESN2,0,151,1,4.5,0.593120023,0.700267277,0.64669365,0.601992266,1,0.800996133
SLC2A9,1,9,92,109,0.940375874,0.565155173,0.752765523,0.95686985,0.641442864,0.799156357
GNA12,1,66,21,26,0.799618759,0.61798783,0.708803294,0.813023332,0.781648853,0.797336093
GNAT3,1,60,28,50.5,0.817446631,0.610405085,0.713925858,0.831242498,0.761525952,0.796384225
SLC2A7,1,13,98,189.5,0.936621427,0.563477116,0.750049272,0.953032999,0.636989678,0.795011338
TSC2,1,25,77,299,0.901225156,0.5737033,0.737464228,0.916859834,0.664127671,0.790493752
GLUD1,1,50,46,65.5,0.836981835,0.59829177,0.717636802,0.85120647,0.72937994,0.790293205
SLC2A6,1,18,106,180,0.93014763,0.559724415,0.744936023,0.946417112,0.627030852,0.786723982
SLC2A3,1,26,84,97,0.8971685,0.571333283,0.734250892,0.91271414,0.657838179,0.78527616
RRAGD,0,34,70,87.5,0.878120712,0.577889459,0.728005086,0.893248283,0.675236795,0.784242539
IRS1,0,89,18,25.5,0.741339576,0.625880222,0.683609899,0.75346501,0.802593488,0.778029249
GNA13,1,42,63,81,0.849669687,0.583066579,0.716368133,0.864172801,0.688975708,0.776574254
IGF1,0,105,12,19,0.700274092,0.639961047,0.670117569,0.711498202,0.83996083,0.775729516
SLC2A14,1,10,132,255,0.940082366,0.547506243,0.743794304,0.956569899,0.594606573,0.775588236
RAB7A,1,27,107,199,0.89038465,0.558865565,0.724625108,0.905781395,0.624751658,0.765266527
SOD2,1,32,102,127,0.880386588,0.5620758,0.721231194,0.895563891,0.633270901,0.764417396
RRAGC,0,45,74,95,0.843940998,0.574703164,0.709322081,0.858318377,0.666781085,0.762549731
GNAT1,1,91,23,30,0.736923999,0.614862518,0.675893259,0.748952519,0.773354979,0.761153749
GNAT2,1,92,24,34.5,0.734255857,0.614481651,0.674368754,0.746225815,0.772344244,0.75928503
GSTP1,0,56,68,85.5,0.823235235,0.580020352,0.701627793,0.837158154,0.680891705,0.759024929
GAPDH,1,58,69,86.5,0.821861439,0.578382665,0.700122052,0.835754205,0.676545653,0.756149929
NOS3,0,149,5,11.5,0.609123139,0.659153372,0.634138255,0.618346625,0.890892943,0.754619784
RRAGA,1,55,71,87,0.823528618,0.575967574,0.699748096,0.837457976,0.670136545,0.75379726
GCK,1,148,6,11,0.609401823,0.654238661,0.631820242,0.618631427,0.877850407,0.748240917
RRAGB,1,46,99,193.5,0.842295725,0.563372064,0.702833894,0.856636992,0.636710893,0.746673942
ATG3,0,31,139,157,0.885615644,0.543503273,0.714559458,0.900907716,0.58398359,0.742445653
BECN2,1,95,35,51,0.727911071,0.603048541,0.665479806,0.739741771,0.74200334,0.740872555
MDH1,0,65,83,105.5,0.804300892,0.571420183,0.687860537,0.81780823,0.658068792,0.737938511
RHEB,1,22,187,413.5,0.908293544,0.531075335,0.71968444,0.924083362,0.551002639,0.737543
ATP6V0A2,0,67,80,179.5,0.797826484,0.572777231,0.685301858,0.81119172,0.661670091,0.736430905
GNAS,0,98,39,54,0.722947467,0.601352227,0.662149847,0.734669223,0.737501705,0.736085464
CBS,1,57,100,123.5,0.822018112,0.562578147,0.69229813,0.835914317,0.634604017,0.735259167
WIPI2,0,51,125,155.5,0.835232479,0.55099741,0.693114944,0.849418719,0.603871344,0.726645031
WIPI1,0,63,104,124,0.80672325,0.560702051,0.68371265,0.820283756,0.629625279,0.724954518
PRKAA2,1,54,121,192.5,0.826657295,0.552290088,0.689473691,0.840655323,0.607301821,0.723978572
SLC2A5,1,73,89,157.5,0.781288039,0.567474302,0.674381171,0.794290281,0.647597312,0.720943797
GNAL,1,121,31,47.5,0.673148965,0.609089962,0.641119464,0.683777721,0.758035914,0.720906817
PIK3CB,0,61,118,134.5,0.817332722,0.552870821,0.685101771,0.83112609,0.608842955,0.719984522
ATG9A,0,39,166,222,0.859959202,0.535276199,0.697617701,0.874688155,0.562150787,0.718419471
GPT,0,93,65,79,0.728530426,0.582068038,0.655299232,0.74037472,0.686325803,0.713350261
BECN1,1,97,67,83,0.726345677,0.580443975,0.653394826,0.738142018,0.682015905,0.710078961
HDAC2,1,141,22,29.5,0.628184528,0.615473401,0.621828964,0.637826383,0.774976125,0.706401254
RPS6KB1,0,59,144,166.5,0.818249754,0.54180122,0.680025487,0.832063249,0.579466725,0.705764987
RPS6KB2,0,53,167,220.5,0.829209443,0.535230641,0.682220042,0.843263487,0.562029887,0.702646687
PCK1,1,126,40,55.5,0.655607189,0.601277224,0.628442207,0.66585093,0.737302663,0.701576796
RAB5B,1,40,218,313,0.858406795,0.523113522,0.690760159,0.873101676,0.529873778,0.701487727
GH1,0,112,61,76.5,0.689391272,0.585984016,0.637687644,0.700376521,0.696717929,0.698547225
ATP6V0A4,0,62,162,229.5,0.815774654,0.536808457,0.676291555,0.829533824,0.566217053,0.697875439
PRDX1,1,48,202,317.5,0.840399658,0.526916093,0.683657876,0.854699309,0.539964947,0.697332128
ATG2A,0,78,131,147,0.767413475,0.547898947,0.657656211,0.780111191,0.595648721,0.687879956
FBP1,0,76,138,193.5,0.775337373,0.543565978,0.659451676,0.788209007,0.584149997,0.686179502
FMO4,1,29,426,502,0.887248922,0.500235828,0.693742375,0.902576843,0.469161522,0.685869183
FMO2,1,69,188,238.5,0.796368324,0.530984809,0.663676567,0.809701555,0.550762404,0.680231979
MAT2A,1,43,320,344.5,0.849349533,0.508882226,0.679115879,0.86384562,0.492107118,0.677976369
PRKAG1,0,52,266,292,0.834104318,0.514617179,0.674360748,0.848265796,0.507326394,0.677796095
ULK2,0,77,164,288.5,0.772888569,0.535683289,0.654285929,0.785706456,0.563231113,0.674468784
ATG2B,0,82,155,187.5,0.762008121,0.538116212,0.650062167,0.774587199,0.569687543,0.672137371
CHMP2B,0,85,153,286.5,0.758736439,0.538496398,0.648616419,0.771243708,0.57069647,0.670970089
FMO5,1,36,493,615,0.870228342,0.494460087,0.682344215,0.885182687,0.453834006,0.669508346
ATG4B,0,44,403,426,0.846145108,0.502011122,0.674078115,0.860570863,0.473872753,0.667221808
PRKAB1,0,41,469,552.5,0.851607596,0.496652952,0.674130274,0.866153244,0.459653376,0.66290331
FGF21,0,160,55,71.5,0.585612501,0.591758873,0.588685687,0.594319965,0.712043099,0.653181532
ATG4A,0,47,521,624,0.842188982,0.492483032,0.667336007,0.856527906,0.448587345,0.652557626
GHRH,0,271,20,26.5,0.506024385,0.621357177,0.563690781,0.512985013,0.790590344,0.651787678
HTR1B,0,415,13,17.5,0.462969467,0.637388721,0.550179094,0.468985105,0.833134456,0.651059781
ATP6V1H,0,137,86,114.5,0.632610423,0.570457536,0.60153398,0.64234942,0.655514144,0.648931782
ATG4D,0,49,566,644,0.839633264,0.490132839,0.664883051,0.853916094,0.442350463,0.648133278
GNMT,0,167,56,70,0.575864255,0.591031982,0.583448119,0.584357761,0.710114095,0.647235928
SOD1,1,145,79,91.5,0.61818246,0.572930265,0.595556363,0.627604785,0.662076211,0.644840498
CBSL,1,83,248,359,0.761069806,0.516503626,0.638786716,0.773628289,0.5123326,0.642980445
ATP6V1B1,1,79,273,302.5,0.767145113,0.513939128,0.640542121,0.77983694,0.505526999,0.642681969
CHD3,0,175,54,68,0.559486751,0.592516063,0.576001407,0.567620795,0.714052513,0.640836654
RAB5C,1,75,332,363,0.776100477,0.508060635,0.642080556,0.78898886,0.489926801,0.639457831
FMO3,1,72,366,401,0.782992954,0.505306924,0.644149939,0.796032616,0.48261907,0.639325843
CYP2A6,0,94,204,227,0.728332565,0.526338883,0.627335724,0.740172515,0.538433159,0.639302837
SIRT1,1,198,43,57.5,0.537650536,0.599656864,0.5686537,0.545305309,0.733002592,0.639153951
ATP6V1B2,1,128,108,199,0.647162875,0.557062675,0.602112775,0.657221276,0.619967195,0.638594236
TXN,1,84,278,379,0.760145906,0.513507571,0.636826738,0.77268411,0.504381743,0.638532927
AHCYL1,0,74,386,409.5,0.779822778,0.503769067,0.641795922,0.79279286,0.478537943,0.635665401
HDAC1,1,184,57,75,0.551383831,0.59047187,0.570927851,0.559340029,0.708627685,0.633983857
MTOR,1,100,205,233,0.714159146,0.526172351,0.620165749,0.725688012,0.537991223,0.631839617
NDUFS4,0,107,180,194,0.696951588,0.532601236,0.614776412,0.708102774,0.555052037,0.631577406
GNG12,0,71,453,534,0.785281318,0.498011175,0.641646246,0.798371206,0.463257793,0.630814499
RAB5A,1,115,170,190,0.6877464,0.53464852,0.61119746,0.698695547,0.560485067,0.629590307
GCLC,1,202,51,63.5,0.535323903,0.59326977,0.564296837,0.54292761,0.716052682,0.629490146
ATP7B,0,99,219,298,0.717099473,0.522373504,0.619736488,0.728692874,0.527909936,0.628301405
PDHA1,0,96,243,333,0.727448195,0.517436609,0.622442402,0.739268735,0.514808527,0.627038631
PLCB4,0,64,643,502,0.805527283,0.486825364,0.646176323,0.819061539,0.433573167,0.626317353
PRKAB2,0,68,636,581,0.79742477,0.487100942,0.642262856,0.810781188,0.434304489,0.622542839
ALG3,0,131,133,271.5,0.642028322,0.546718695,0.594373509,0.651974027,0.592516599,0.622245313
TCIRG1,0,118,176,422.5,0.675461547,0.533383097,0.604422322,0.68614106,0.557126919,0.621633989
NDUFA5,0,111,208,242,0.689596708,0.525239889,0.607418298,0.700586466,0.535516676,0.618051571
SIRT6,0,286,47,62.5,0.501197938,0.597764049,0.549480994,0.508052633,0.727979488,0.61801606
COX4I2,0,119,189,442.5,0.674879829,0.530839937,0.602859883,0.685546574,0.550377944,0.617962259
GPT2,0,104,226,349,0.700776748,0.520571482,0.610674115,0.712011891,0.523127774,0.617569832
PDHA2,0,136,135,153.5,0.634038303,0.545111686,0.589574994,0.643808639,0.588251958,0.616030299
RBBP7,0,169,90,134.5,0.575025351,0.567404093,0.571214722,0.583500444,0.647410992,0.615455718
TAT,0,171,88,100,0.565541083,0.56781851,0.566679797,0.57380801,0.648510762,0.611159386
SESN3,0,332,50,62.5,0.487917352,0.596757411,0.542337381,0.494480558,0.725308096,0.609894327
MPC1,0,90,424,475.5,0.737367807,0.50061688,0.618992344,0.749406067,0.47017275,0.609789409
GNG7,0,80,583,664.5,0.763998454,0.489610951,0.626804703,0.776621216,0.440965488,0.608793352
ADRA1A,0,393,38,54.5,0.470231164,0.602346593,0.536288878,0.476406185,0.740140528,0.608273357
UQCRH,0,101,316,492,0.708467999,0.509289875,0.608878937,0.719871953,0.493188928,0.60653044
FBP2,0,138,156,226.5,0.632378772,0.537910185,0.585144479,0.642112685,0.569140794,0.605626739
SQSTM1,0,88,504,462.5,0.746572921,0.493829008,0.620200964,0.75881322,0.452159263,0.605486241
NDUFS8,0,117,239,381,0.678425995,0.518808402,0.598617199,0.689170573,0.518448958,0.603809766
SURF1,0,108,286,315.5,0.694287,0.512146725,0.603216862,0.705379703,0.500770365,0.603075034
UQCRC2,0,113,274,298,0.689265278,0.513923277,0.601594278,0.700247762,0.505484933,0.602866348
DNAJC15,0,127,196,381.5,0.649210907,0.528424334,0.58881762,0.659314258,0.543967478,0.601640868
PDPK1,0,134,182,323.5,0.637226551,0.531707197,0.584466874,0.647066864,0.552679459,0.599873162
AMD1,0,114,294,320,0.68918595,0.511536428,0.600361189,0.700166692,0.499150774,0.599658733
UCP2,0,227,76,101,0.522672628,0.573808563,0.548240596,0.529998659,0.664407015,0.597202837
SHMT1,0,308,62,76,0.493618774,0.583423093,0.538520933,0.500307117,0.689921815,0.595114466
CAV1,0,515,29,43.5,0.423209874,0.610280068,0.516744971,0.42835285,0.761194186,0.594773518
NDUFS1,0,142,185,303.5,0.62724481,0.531189979,0.579217395,0.63686604,0.551306879,0.594086459
PRDX3,1,140,195,293,0.629976127,0.529520565,0.579748346,0.639657305,0.546876629,0.593266967
CSH1,0,103,412,499,0.701594906,0.501355611,0.601475259,0.712848007,0.472133174,0.59249059
ABCC5,0,109,389,417.5,0.693443627,0.503712852,0.59857824,0.704517819,0.478388763,0.591453291
UQCRC1,0,124,247,333.5,0.659293565,0.516534394,0.58791398,0.669618216,0.51241425,0.591016233
PRDX2,1,143,190,233.5,0.619419663,0.530775537,0.5750976,0.628869143,0.550207042,0.589538093
RAB10,1,116,376,540.5,0.682886141,0.504703663,0.593794902,0.693728612,0.481018152,0.587373382
UQCRQ,0,120,331,458.5,0.673582695,0.508128501,0.590855598,0.68422097,0.4901069,0.587163935
TUSC3,0,192,111,143,0.543497455,0.555899221,0.549698338,0.551280559,0.616879648,0.584080104
MGAT5,0,189,124,249,0.547311853,0.551155094,0.549233473,0.555178677,0.604289803,0.57973424
GAPDHS,1,268,91,108,0.506564949,0.566430498,0.536497723,0.513537441,0.644827289,0.579182365
PRKACB,0,562,33,44,0.397204848,0.608154918,0.502679883,0.401777054,0.755554518,0.578665786
ATP6V0A1,0,336,78,103,0.487116311,0.573484221,0.530300266,0.493661936,0.663546283,0.578604109
ALDH4A1,1,123,347,386,0.659302207,0.506686559,0.582994383,0.669627048,0.486280312,0.57795368
MAGT1,0,186,130,142.5,0.548893531,0.548139991,0.548516761,0.556795071,0.596288397,0.576541734
SIRT4,0,144,222,554.5,0.618251464,0.521341127,0.569796295,0.627675303,0.525170239,0.576422771
PRDX5,0,211,114,183,0.532632622,0.553716711,0.543174667,0.54017726,0.611087757,0.575632509
GPD1,0,462,60,87.5,0.446523719,0.586442806,0.516483263,0.452178399,0.697935455,0.575056927
MAT1A,1,206,122,135.5,0.534943533,0.551728686,0.54333611,0.542538892,0.605811987,0.574175439
SLC2A13,1,102,679,509,0.702732777,0.485395547,0.594064162,0.714010851,0.429778755,0.571894803
RBBP4,0,407,73,86.5,0.465476858,0.574924912,0.520200885,0.471547529,0.667369555,0.569458542
ALG5,0,189,142,151,0.547311853,0.543312119,0.545311986,0.555178677,0.58347631,0.569327493
CCS,0,232,117,205,0.52106985,0.553184499,0.537127174,0.528360702,0.609675388,0.569018045
SCO1,0,130,351,464.5,0.642244669,0.506108241,0.574176455,0.652195122,0.484745586,0.568470354
GLUD2,1,146,259,361,0.613293993,0.515377539,0.564335766,0.622609023,0.509344218,0.565976621
APOE,0,276,109,174.5,0.503831756,0.556882114,0.530356935,0.510744259,0.619488026,0.565116142
RAB6B,0,110,728,756.5,0.69124774,0.482936715,0.587092227,0.702273735,0.423253566,0.562763651
WDR59,0,210,140,251.5,0.533032114,0.543480823,0.538256469,0.54058552,0.583924014,0.562254767
SESN1,0,530,59,75.5,0.414999938,0.586652523,0.50082623,0.419962718,0.698491996,0.559227357
SLC7A5,0,106,845,811,0.699031786,0.475159918,0.587095852,0.710228629,0.402615696,0.556422163
CAT,0,191,174,195,0.544454993,0.533878622,0.539166808,0.552259114,0.558441932,0.555350523
ADCY5,1,704,19,28,0.313216679,0.622875574,0.468046127,0.315945473,0.794619827,0.55528265
SNF8,0,157,257,320.5,0.587492591,0.515664498,0.551578544,0.59624132,0.510105743,0.553173532
DENND6A,0,135,497,557,0.634662475,0.494285807,0.564474141,0.644446511,0.453371506,0.548909008
CYC1,1,165,249,278,0.577324384,0.516277995,0.54680119,0.585849937,0.511733827,0.548791882
ATP7A,0,219,168,299.5,0.526566892,0.535136249,0.53085157,0.533978395,0.56177939,0.547878893
NNT,0,450,93,152.5,0.451065336,0.564200423,0.50763288,0.456819697,0.638909172,0.547864435
CLN3,0,499,87,98,0.433920871,0.570340406,0.502130638,0.439298937,0.655203306,0.547251121
RAB6A,0,122,761,569.5,0.666069093,0.480392625,0.573230859,0.676542456,0.416502123,0.54652229
HELLS,0,287,141,285.5,0.499456681,0.543399264,0.521427973,0.506273158,0.583707575,0.544990366
TOMM22,0,139,534,560,0.631145142,0.491682083,0.561413612,0.640851978,0.446461806,0.543656892
UQCRFS1,0,162,335,388.5,0.58388286,0.507783729,0.545833294,0.592552361,0.489191955,0.540872158
GYS1,0,147,479,465.5,0.610580994,0.495969104,0.553275049,0.619836479,0.457838595,0.538837537
ATP6V0D2,1,485,103,162.5,0.439148153,0.560929897,0.500039025,0.44464095,0.630229932,0.537435441
GYS2,0,164,344,379,0.578177161,0.506761555,0.542469358,0.586721431,0.486479334,0.536600382
PAWR,0,312,150,245,0.493173232,0.539263884,0.516218558,0.499851796,0.572733206,0.536292501
IGF1R,1,197,223,255.5,0.540326777,0.520931455,0.530629116,0.54804029,0.524083061,0.536061675
HOOK2,0,213,214,238.5,0.53122508,0.523724492,0.527474786,0.538738824,0.531495155,0.53511699
UQCRHL,0,185,251,318,0.550765056,0.515943999,0.533354528,0.558707673,0.510847477,0.534777575
MSRA,0,179,284,308.5,0.557537229,0.512677711,0.53510747,0.565628484,0.502179481,0.533903982
PHB2,0,172,353,382,0.565416652,0.50608469,0.535750671,0.573680848,0.484683086,0.529181967
AHCYL2,0,182,301,538.5,0.552294078,0.510800956,0.531547517,0.560270254,0.497198995,0.528734624
SERPINE1,0,339,163,536.5,0.486583223,0.535840754,0.511211988,0.493117147,0.563648988,0.528383068
PIK3C3,1,445,129,170.5,0.452018307,0.548350129,0.500184218,0.457793584,0.596846058,0.527319821
COQ3,0,173,370,497.5,0.564252539,0.505099402,0.534675971,0.572491185,0.482068355,0.52727977
MDH2,1,389,146,245,0.471592227,0.540458489,0.506025358,0.477797121,0.57590342,0.526850271
CLTCL1,0,677,49,62,0.324469861,0.596807499,0.46063868,0.327445645,0.725441018,0.526443332
MLXIPL,0,220,233,350.5,0.524968806,0.519331757,0.522150282,0.532345234,0.519837824,0.526091529
SLC6A4,0,150,644,496.5,0.606938881,0.48673342,0.546836151,0.616114427,0.43332917,0.524721798
ATP2C2,1,212,254,311.5,0.531573251,0.515737418,0.523655334,0.539094637,0.510299255,0.524696946
NPC1,0,380,159,315.5,0.475263283,0.537356303,0.506309793,0.481548752,0.567670915,0.524609833
PPP4R3B,1,265,211,235,0.507649714,0.524486042,0.516067878,0.514646015,0.533516136,0.524081076
AKT1,0,941,4,13,0.128562125,0.670440359,0.399501242,0.127238035,0.92084607,0.524042052
SLC13A1,0,159,507,619,0.586395274,0.493737011,0.540066143,0.595119919,0.451915125,0.523517522
ATP2A1,0,208,277,313.5,0.534113567,0.513651294,0.523882431,0.541690709,0.504763154,0.523226931
PTEN,0,133,863,747,0.637433006,0.473822879,0.555627942,0.647277851,0.399067496,0.523172673
STX12,0,391,157,165.5,0.47115409,0.537618755,0.504386422,0.477349368,0.568367404,0.522858386
BCAT1,0,401,149,472,0.466468237,0.539328527,0.502898382,0.472560668,0.572904754,0.522732711
XDH,0,163,495,459,0.582524122,0.494314719,0.538419421,0.591163801,0.453448232,0.522306016
NDUFB7,0,251,224,247.5,0.51297421,0.520877418,0.516925814,0.520087376,0.52393966,0.522013518
POU1F1,0,250,232,305.5,0.513886806,0.51965054,0.516768673,0.521020002,0.520683801,0.520851901
EEF2,0,178,400,421,0.558227921,0.502113778,0.530170849,0.566334336,0.474145178,0.520239757
VPS25,0,156,551,519.5,0.587632315,0.490668465,0.53915039,0.596384111,0.443771892,0.520078002
ACSS2,0,154,561,538.5,0.588520112,0.490248009,0.539384061,0.597291394,0.442656098,0.519973746
TOMM70,0,161,542,483.5,0.585296063,0.491181151,0.538238607,0.593996582,0.445132446,0.519564514
SOAT1,0,176,415,531,0.559382156,0.501013874,0.530198015,0.567513905,0.471226281,0.519370093
ZMPSTE24,0,385,178,192,0.473941886,0.532957883,0.503449885,0.480198352,0.555998497,0.518098425
AKT3,0,320,203,252.5,0.490632814,0.526451914,0.508542364,0.497255621,0.538733119,0.51799437
RICTOR,0,231,265,390,0.521249856,0.514631199,0.517940527,0.528544659,0.507363599,0.517954129
HCFC2,0,263,238,272,0.510143292,0.518851304,0.514497298,0.517194323,0.518562809,0.517878566
IDH2,0,158,598,507,0.58731122,0.488856755,0.538083987,0.596055968,0.438964022,0.517509995
GPX2,0,216,299,477.5,0.528654773,0.510905827,0.5197803,0.536112103,0.497477301,0.516794702
RACK1,0,360,197,335,0.482919128,0.528186338,0.505552733,0.489372631,0.543335891,0.516354261
DUSP12,0,305,216,238.5,0.493895178,0.523465432,0.508680305,0.500589588,0.530807667,0.515698627
WDR5,0,352,200,289,0.483777923,0.527230796,0.505504359,0.490250275,0.540800096,0.515525185
PYGL,0,194,383,404,0.540768627,0.504068693,0.52241866,0.548491837,0.479333085,0.513912461
ROCK2,0,229,296,320.5,0.521928439,0.511259109,0.516593774,0.529238136,0.498414831,0.513826484
VPS37D,0,187,437,455,0.548055701,0.499408672,0.523732186,0.555938851,0.466966436,0.511452644
COX4I1,0,431,175,297,0.457301801,0.533551109,0.495426455,0.463193043,0.557572786,0.510382914
GPX1,0,455,161,231.5,0.448664861,0.536845291,0.492755076,0.454366535,0.566314805,0.51034067
EIF4EBP2,1,446,165,179.5,0.451410101,0.535572736,0.493491418,0.457172029,0.562937728,0.510054878
FBXO9,0,303,237,312,0.494038063,0.519015279,0.506526671,0.50073561,0.518997961,0.509866785
JUND,0,170,563,601,0.568644762,0.490224353,0.529434558,0.576979811,0.442593318,0.509786565
TELO2,0,284,258,421,0.501430433,0.515642074,0.508536253,0.50829023,0.510046235,0.509168232
ISCA1,0,317,234,254,0.491254477,0.519261052,0.505257764,0.497890928,0.519650188,0.508770558
VPS33A,0,234,330,407.5,0.519647483,0.508284348,0.513965916,0.526907117,0.490520485,0.508713801
KL,0,327,231,376.5,0.489474241,0.519818412,0.504646326,0.496071618,0.521129296,0.508600457
TERT,0,340,225,257.5,0.486285192,0.520644816,0.503465004,0.492812575,0.523322386,0.50806748
SLC27A1,0,129,964,635.5,0.642801315,0.460309782,0.551555549,0.652763986,0.363206775,0.507985381
DCXR,0,329,236,309,0.488967807,0.519141204,0.504054506,0.495554069,0.519332138,0.507443104
SIRT3,1,248,323,357,0.51512173,0.508823168,0.511972449,0.52228203,0.491950393,0.507116211
CSHL1,0,226,365,396,0.52350752,0.505310492,0.514409006,0.530851876,0.482628541,0.506740208
MTHFD2L,0,608,94,187.5,0.368722222,0.564069285,0.466395753,0.372669278,0.63856116,0.505615219
COL1A1,0,155,782,708.5,0.58793063,0.479406288,0.533668459,0.596688974,0.413884608,0.505286791
MLXIP,0,200,440,476.5,0.536642446,0.499112438,0.517877442,0.544275092,0.466180299,0.505227696
VPS41,0,257,338,449.5,0.511240181,0.50760131,0.509420745,0.518315287,0.488707854,0.503511571
INMT,0,218,417,486,0.528183035,0.500886914,0.514534975,0.53563001,0.47088936,0.503259685
PDP1,0,275,313,369.5,0.505511975,0.509436355,0.507474165,0.512461356,0.493577653,0.503019505
PTPA,0,181,553,573,0.552684498,0.490624172,0.521654335,0.560669243,0.443654349,0.502161796
EZH1,0,295,288,377.5,0.495952431,0.511896338,0.503924385,0.502691995,0.500105895,0.501398945
NADSYN1,0,215,448,461.5,0.529651463,0.498540861,0.514096162,0.537130669,0.464663461,0.500897065
NDUFV1,0,417,212,254.5,0.462095326,0.524185816,0.493140571,0.468091778,0.532719405,0.500405591
ARNTL,0,473,186,197.5,0.443171307,0.531187955,0.487179631,0.448752406,0.551301507,0.500026956
CYB5R2,0,224,432,462.5,0.524144722,0.499893769,0.512019246,0.531503064,0.468253775,0.499878419
PPAT,1,496,172,248,0.434488381,0.534282376,0.484385378,0.439878903,0.559513403,0.499696153
SNX3,0,266,360,414.5,0.50741714,0.505714077,0.506565609,0.514408337,0.483699565,0.499053951
ATP8B1,0,125,1036,746.5,0.657915106,0.447340372,0.552627739,0.668209501,0.328788878,0.498499189
CYB5R1,0,168,788,631.5,0.575319045,0.479090594,0.52720482,0.583800584,0.413046827,0.498423706
VPS36,0,204,500,480,0.535105915,0.494022973,0.514564444,0.542704837,0.452674002,0.497689419
NMT2,0,404,227,350.5,0.465901894,0.520565526,0.49323371,0.471981895,0.523111969,0.497546932
PDP2,0,318,302,399,0.490936285,0.510692415,0.50081435,0.497565752,0.496910952,0.497238352
EIF2AK4,1,177,705,623,0.558642987,0.483981998,0.521312493,0.566758512,0.426027514,0.496393013
STX4,0,214,509,478,0.531131171,0.493692659,0.512411915,0.538642854,0.451797423,0.495220138
ATP2C1,1,239,445,426.5,0.51792556,0.498734437,0.508329999,0.5251474,0.465177169,0.495162285
ERO1B,0,538,145,154,0.408928744,0.540479863,0.474704303,0.413758271,0.57596014,0.494859206
RALB,0,601,123,174,0.378497544,0.55160803,0.465052787,0.382659153,0.605491793,0.494075473
GART,0,321,333,388,0.490420894,0.508018823,0.499219859,0.497039049,0.489815842,0.493427445
PCSK2,0,256,436,454,0.511629433,0.499425915,0.505527674,0.518713083,0.467012195,0.492862639
KDM4C,0,290,380,404,0.499006192,0.504256006,0.501631099,0.505812781,0.47983017,0.492821476
DPP4,1,307,352,409,0.493625061,0.506085386,0.499855223,0.500313542,0.484684934,0.492499238
MAIP1,0,301,363,396,0.494677363,0.50536549,0.500021426,0.501388941,0.482774491,0.492081716
TMF1,0,243,463,439,0.515802171,0.497142656,0.506472414,0.522977406,0.460952941,0.491965174
PLAU,0,294,375,422.5,0.495980014,0.5047173,0.500348657,0.502720183,0.481054341,0.491887262
UTRN,0,285,399,417,0.501279114,0.502357461,0.501818288,0.50813559,0.47479186,0.491463725
ALDH1A3,0,230,496,614.5,0.521596306,0.494308796,0.507952551,0.528898714,0.453432512,0.491165613
CCT6A,0,252,464,537.5,0.512452806,0.497120853,0.50478683,0.519554528,0.460895081,0.490224804
ATP10D,0,174,808,726.5,0.562183469,0.477898921,0.520041195,0.570376702,0.409884396,0.490130549
PRKG1,0,345,340,399,0.485430162,0.507369839,0.4964,0.491938777,0.488093583,0.49001618
PRKD1,0,614,116,148,0.365061255,0.553561461,0.459311358,0.368927958,0.610675759,0.489801859
CCT6B,0,252,470,442,0.512452806,0.496562579,0.504507693,0.519554528,0.459413545,0.489484036
DLD,0,582,136,175,0.38670157,0.544943183,0.465822376,0.391043245,0.587804788,0.489424016
KCNA3,1,347,345,376,0.485064422,0.50674952,0.495906971,0.491565011,0.486447395,0.489006203
BCHE,0,425,250,340.5,0.459906078,0.516256839,0.488081459,0.46585448,0.511677682,0.488766081
CNDP2,0,374,309,513.5,0.476507275,0.509824327,0.493165801,0.482820048,0.494607243,0.488713645
CHD1,0,334,361,415,0.487170504,0.50569284,0.496431672,0.493717318,0.483643204,0.488680261
PGAM5,0,233,517,623.5,0.520411123,0.492597247,0.506504185,0.527687517,0.448890447,0.488288982
INSRR,1,384,306,332,0.474421095,0.509908472,0.492164783,0.480688078,0.494830544,0.487759311
LRIG1,0,196,703,522.5,0.54058706,0.484182094,0.512384577,0.548306285,0.426558524,0.487432404
TSPAN8,0,335,377,404.5,0.4871559,0.504453384,0.495804642,0.493702393,0.480353966,0.48702818
SLC15A1,0,346,373,397.5,0.48512788,0.504938061,0.49503297,0.491629861,0.481640191,0.486635026
TSPO,0,403,292,337.5,0.465903406,0.511756362,0.488829884,0.471983439,0.49973443,0.485858935
LONP1,0,199,711,667,0.537506488,0.483839039,0.510672764,0.545158099,0.425648133,0.485403116
HSPA9,0,382,334,362.5,0.475159097,0.507813674,0.491486385,0.481442279,0.489271421,0.48535685
CISD2,0,277,471,459.5,0.503637519,0.496508472,0.500072996,0.510545758,0.459269959,0.484907859
IDO2,0,438,260,341.5,0.454633312,0.515341977,0.484987644,0.460465984,0.509249845,0.484857914
CCT4,0,205,697,586.5,0.534989343,0.484357115,0.509673229,0.542585707,0.427022989,0.484804348
RGS7,0,328,401,420,0.489063614,0.502037192,0.495550403,0.495651978,0.473941937,0.484796958
SIGLEC8,0,237,558,646,0.519029298,0.490485684,0.504757491,0.526275364,0.443286833,0.484781098
APEX1,0,315,416,444,0.491996706,0.500890892,0.496443799,0.498649447,0.470899914,0.484774681
COX5B,1,432,270,343.5,0.457277065,0.51417128,0.485724172,0.463167763,0.506143078,0.48465542
HOOK1,0,288,459,496.5,0.499310339,0.497403465,0.498356902,0.506123604,0.461645069,0.483884337
FOLH1,0,193,762,705,0.542680611,0.480386545,0.511533578,0.550445787,0.416485991,0.483465889
RHOT2,0,201,724,741,0.535578745,0.483037144,0.509307944,0.543188045,0.423520083,0.483354064
CYB5R3,0,549,181,210.5,0.405180369,0.532297651,0.46873901,0.409927625,0.55424639,0.482087007
PYGM,0,293,466,484.5,0.496566276,0.497014099,0.496790188,0.503319313,0.460611779,0.481965546
SLC15A2,0,458,256,302.5,0.447941203,0.515707831,0.481824517,0.453626994,0.51022074,0.481923867
WASHC1,0,207,742,556,0.534303833,0.482352901,0.508328367,0.541885151,0.421704257,0.481794704
APLP2,0,254,552,633,0.512382402,0.490668061,0.501525231,0.519482578,0.44377082,0.481626699
DLAT,1,472,245,527,0.443306021,0.517237202,0.480271612,0.448890077,0.514279346,0.481584712
SMARCA1,1,225,667,641.5,0.524111232,0.485902043,0.505006637,0.531468838,0.43112288,0.481295859
TM7SF2,0,518,209,259,0.422410254,0.524932642,0.473671448,0.42753568,0.534701314,0.481118497
HAT1,0,279,502,613.5,0.502222703,0.493898386,0.498060545,0.509099889,0.452343378,0.480721634
PAPPA,0,235,630,698.5,0.51932395,0.487272778,0.503298364,0.526576482,0.434760502,0.480668492
HOOK3,0,365,409,421,0.481581202,0.501671687,0.491626445,0.48800534,0.472971971,0.480488655
TOP1,0,414,324,383,0.463207883,0.508608516,0.4859082,0.469228754,0.491380754,0.480304754
AKR1A1,0,692,96,183.5,0.319854239,0.563809066,0.441831652,0.322728717,0.637870599,0.480299658
PRKN,0,509,221,363,0.429493234,0.521436676,0.475464955,0.43477412,0.525423806,0.480098963
DCUN1D2,0,246,626,652.5,0.515161389,0.487446799,0.501304094,0.52232256,0.435222317,0.478772438
P4HB,0,689,101,137.5,0.320281739,0.562480063,0.441380901,0.3231656,0.634343724,0.478754662
SLC12A2,0,507,229,251,0.42966495,0.520329121,0.474997035,0.434949605,0.522484602,0.478717104
PPP4C,0,180,891,625,0.556143957,0.471384706,0.513764331,0.564204632,0.392597133,0.478400882
CTF1,0,309,483,595.5,0.493588306,0.495175407,0.494381857,0.500275981,0.455732303,0.478004142
E4F1,0,371,413,425,0.477397027,0.501178861,0.489287944,0.483729328,0.47166412,0.477696724
ACTR1B,0,270,577,655.5,0.506090965,0.48982987,0.497960418,0.513053054,0.441546451,0.477299752
NAPB,0,289,524,473.5,0.499277591,0.492363217,0.495820404,0.506090137,0.448269384,0.477179761
COQ5,0,408,362,394.5,0.465286643,0.505393133,0.485339888,0.47135314,0.48284785,0.477100495
RCAN2,0,282,543,469.5,0.501589507,0.491102782,0.496346145,0.508452796,0.444924474,0.476688635
KRIT1,0,313,492,460,0.492741558,0.494496176,0.493618867,0.499410648,0.453929778,0.476670213
GDI2,0,217,767,745,0.528364073,0.480228799,0.504296436,0.535815022,0.416067367,0.475941195
EIF4EBP1,1,850,36,50,0.208885781,0.60301604,0.405950911,0.209324673,0.74191709,0.475620881
PPFIBP1,0,278,575,469,0.502412355,0.489909856,0.496161105,0.509293704,0.441758715,0.475526209
HCCS,0,281,572,578,0.501745306,0.489949457,0.495847382,0.508612015,0.441863809,0.475237912
STAM,0,381,431,433.5,0.475249914,0.499915425,0.48758267,0.481535089,0.468311246,0.474923168
SDHB,0,484,279,330.5,0.439212142,0.513494863,0.476353502,0.444706343,0.50434802,0.474527182
ARPC2,0,153,1002,903.5,0.590985938,0.454867145,0.522926542,0.599811341,0.348763241,0.474287291
IDH3B,0,477,289,319.5,0.441518409,0.511883063,0.476700736,0.44706323,0.500070666,0.473566948
ARHGAP1,0,304,538,634.5,0.493909583,0.491386023,0.492647803,0.500604309,0.445676131,0.47314022
SH3RF1,0,306,544,461,0.493763307,0.491096283,0.492429795,0.500454822,0.444907226,0.472681024
PRKX,0,429,372,400.5,0.457732796,0.50494395,0.481338373,0.463633497,0.481655818,0.472644658
PNPO,0,436,359,404.5,0.455483953,0.505732,0.480607977,0.461335296,0.483747128,0.472541212
CBX1,0,259,701,730.5,0.511064211,0.484245758,0.497654984,0.518135455,0.426727472,0.472431463
GPX5,0,430,382,426,0.457718609,0.50406893,0.48089377,0.463618999,0.479333713,0.471476356
MRPL2,0,300,585,474.5,0.495168596,0.489518827,0.492343711,0.501890955,0.440721012,0.471305984
MSTN,0,471,322,349,0.444198509,0.508845826,0.476522168,0.449802153,0.492010522,0.470906337
VPS16,0,470,325,359.5,0.444202947,0.508561658,0.476382303,0.449806689,0.491256403,0.470531546
APRT,0,420,407,450,0.461215786,0.501758627,0.481487206,0.467192934,0.473202688,0.470197811
GSK3B,0,572,198,293,0.39228852,0.527813536,0.460051028,0.39675282,0.542346557,0.469549689
EIF1B,0,325,571,642,0.489800714,0.489956534,0.489878624,0.496405257,0.441882588,0.469143922
RBBP5,0,223,826,761,0.524659698,0.476401425,0.500530562,0.532029342,0.405910378,0.46896986
SDHAF2,0,188,921,822,0.547593404,0.467367415,0.507480409,0.555466408,0.381936145,0.468701277
SHMT2,0,695,112,143.5,0.318023584,0.555365888,0.436694736,0.320857883,0.615464304,0.468161093
HIBADH,0,560,213,238,0.400173739,0.523730197,0.461951968,0.404811108,0.531510293,0.4681607
CD9,0,310,624,539,0.49334849,0.487553775,0.490451133,0.500030901,0.435506207,0.467768554
ARL8A,0,298,655,504.5,0.495594112,0.486226349,0.490910231,0.502325811,0.431983517,0.467154664
HDLBP,0,494,311,394,0.434764563,0.509499953,0.472132258,0.440161146,0.493746427,0.466953787
ZDHHC2,0,356,549,644,0.483245464,0.490819146,0.487032305,0.489706129,0.444171766,0.466938948
RABGGTA,0,333,596,480,0.487302429,0.489052483,0.488177456,0.493852138,0.439483441,0.466667789
SIGLEC7,0,323,616,645.5,0.490055999,0.487941825,0.488998912,0.496666145,0.436536004,0.466601074
RCAN3,0,344,580,471,0.485490558,0.489664412,0.487577485,0.4920005,0.441107361,0.46655393
YPEL5,0,299,673,620.5,0.495451688,0.485659038,0.490555363,0.502180261,0.430477999,0.46632913
COQ7,1,408,462,589,0.465286643,0.497216692,0.481251667,0.47135314,0.461149414,0.466251277
PRDX6,0,86,1110,985,0.756922349,0.384909058,0.570915704,0.769389802,0.163110212,0.466250007
UCKL1,0,283,721,521.5,0.501479753,0.483168838,0.492324296,0.508340633,0.423869571,0.466105102
RGS6,0,330,613,492.5,0.488229382,0.488162256,0.488195819,0.494799437,0.437120977,0.465960207
SLC20A2,0,533,246,359,0.4128784,0.517107344,0.464992872,0.417794616,0.513934732,0.465864674
ATIC,0,359,568,481,0.48297636,0.490062995,0.486519677,0.489431119,0.442165112,0.465798115
CNGA2,0,390,498,487,0.47138173,0.494196207,0.482788969,0.477582005,0.453133728,0.465357866
ARHGDIG,0,302,681,518,0.494268788,0.485270623,0.489769705,0.500971398,0.429447233,0.465209315
UBE2H,0,261,791,779,0.51080607,0.478756797,0.494781434,0.517871648,0.412161006,0.465016327
ACSS1,0,456,398,527.5,0.448313319,0.502571494,0.475442407,0.454007277,0.475359856,0.464683566
OPA1,0,678,127,362,0.324063829,0.55020435,0.437134089,0.327030702,0.601766741,0.464398722
ABCC10,0,370,548,488,0.477568057,0.490940061,0.484254059,0.483904111,0.444492649,0.46419838
CDK5,0,633,151,170,0.352445694,0.539006816,0.445726255,0.356035505,0.572051006,0.464043255
SIGLEC9,0,366,581,579,0.480417851,0.489655241,0.485036546,0.486816455,0.441083025,0.46394974
UQCRB,0,433,443,457.5,0.455992943,0.498965911,0.477479427,0.461855457,0.465791448,0.463823453
DCUN1D5,0,341,626,673.5,0.485833049,0.487446799,0.486639924,0.492350508,0.435222317,0.463786412
CALU,0,356,615,535,0.483245464,0.488025564,0.485635514,0.489706129,0.436758227,0.463232178
SOAT2,0,326,676,638.5,0.489751663,0.485499402,0.487625533,0.496355129,0.430054363,0.463204746
SLC25A14,0,274,785,585.5,0.505564345,0.479218309,0.492391327,0.512514875,0.413385753,0.462950314
NPC1L1,0,311,707,517,0.493229138,0.483919044,0.488574091,0.499908929,0.425860447,0.462884688
DAGLB,0,410,491,465.5,0.464843345,0.49463975,0.479741548,0.470900112,0.454310789,0.462605451
PCMT1,0,354,625,599.5,0.483437866,0.48744742,0.485442643,0.489902754,0.435223964,0.462563359
WDR5B,0,376,564,463.5,0.475955426,0.490187275,0.48307135,0.482256086,0.442494922,0.462375504
AIFM1,0,368,599,655.5,0.478760728,0.488829658,0.483795193,0.48512296,0.438892112,0.462007536
DCUN1D1,0,356,638,541.5,0.483245464,0.487000685,0.485123075,0.489706129,0.434038431,0.46187228
EPS8,0,264,821,655.5,0.50958608,0.476806373,0.493196226,0.516624881,0.406985019,0.46180495
PPFIBP2,0,331,686,514.5,0.488014131,0.485076216,0.486545174,0.494579461,0.428931323,0.461755392
OGDHL,0,435,460,537,0.455773832,0.497282769,0.476528301,0.461631537,0.461324769,0.461478153
OGDH,0,718,110,139.5,0.302282212,0.556389193,0.429335703,0.304771011,0.618179926,0.461475468
RCN1,0,349,660,642.5,0.484014876,0.4860991,0.485056988,0.490492429,0.431645825,0.461069127
NAALAD2,0,358,653,551.5,0.483171672,0.486345435,0.484758553,0.489630717,0.432299544,0.46096513
MRPL24,0,362,646,709,0.482518712,0.486587427,0.484553069,0.488963426,0.432941737,0.460952581
DCAF11,0,350,672,696,0.483833374,0.485776867,0.48480512,0.490306942,0.430790691,0.460548817
ARF3,0,222,907,640,0.524746282,0.469900917,0.4973236,0.532117826,0.388659492,0.460388659
ING1,0,258,851,695.5,0.511145338,0.474961402,0.49305337,0.518218363,0.402088879,0.460153621
ZDHHC17,0,443,467,489,0.453051653,0.496979296,0.475015474,0.45884961,0.460519419,0.459684514
RBM38,0,260,853,826.5,0.51087139,0.474693523,0.492782457,0.517938402,0.40137799,0.459658196
SGK1,0,272,822,569.5,0.505619441,0.476713266,0.491166354,0.512571181,0.406737933,0.459654557
FXN,0,760,95,180.5,0.278677556,0.563924094,0.421300825,0.280648269,0.638175857,0.459412063
AP3S1,0,510,356,391.5,0.428593664,0.505890638,0.467242151,0.433854807,0.484168117,0.459011462
ACE2,0,375,637,568,0.476294706,0.48709472,0.481694713,0.482602813,0.434287977,0.458445395
CLOCK,0,388,604,493,0.472140935,0.488665779,0.480403357,0.478357873,0.438457215,0.458407544
MAN1B1,0,517,336,369,0.422484982,0.507756277,0.465120629,0.427612048,0.489119102,0.458365575
CEBPA,0,183,980,906.5,0.551461323,0.458057208,0.504759266,0.559419222,0.35722895,0.458324086
EEF1A1,0,419,519,491.5,0.461848411,0.492542461,0.477195436,0.467839444,0.448745056,0.45829225
CBX5,0,394,587,510.5,0.469830606,0.489430166,0.479630386,0.475996836,0.440485726,0.458241281
ASH2L,0,291,799,622.5,0.497997242,0.478329372,0.488163307,0.504781686,0.411026714,0.4579042
TAGLN2,0,364,690,514.5,0.481634471,0.484609331,0.483121901,0.488059777,0.427692315,0.457876046
PRELID3A,0,240,899,820.5,0.517690222,0.470685477,0.494187849,0.524906896,0.390741538,0.457824217
EZH2,0,242,898,842,0.516297413,0.470809619,0.493553516,0.523483518,0.391070981,0.457277249
ATP5PO,0,493,404,436,0.435256274,0.502006319,0.468631297,0.440663651,0.473860009,0.45726183
CEBPB,0,280,827,684,0.50212587,0.476240803,0.489183337,0.509000931,0.405484124,0.457242527
MAN1A2,0,547,280,357.5,0.405484751,0.513437734,0.459461242,0.410238688,0.504196412,0.45721755
DAGLA,0,249,889,767,0.514500859,0.471437323,0.492969091,0.521647532,0.392736767,0.45719215
GPX8,0,489,414,426,0.436304958,0.50102185,0.468663404,0.441735351,0.471247447,0.456491399
ELP3,0,244,905,591,0.515721238,0.470329848,0.493025543,0.522894697,0.389797778,0.456346237
GHR,1,574,240,320,0.391630358,0.518010911,0.454820635,0.396080213,0.516332594,0.456206403
UBD,0,246,904,848,0.515161389,0.470403576,0.492782482,0.52232256,0.389993434,0.456157997
MPV17L2,0,338,755,716,0.48674943,0.480924718,0.483837074,0.493287002,0.417914179,0.45560059
PARK7,0,622,184,201,0.355950447,0.531277816,0.443614132,0.359617182,0.551539977,0.45557858
PRKG2,0,495,421,531,0.434675212,0.500689736,0.467682474,0.440069835,0.470366093,0.455217964
EIF2B4,0,411,607,508,0.46457833,0.488497673,0.476538001,0.47062928,0.438011099,0.454320189
TOP3B,0,396,657,525.5,0.46950642,0.486193461,0.47784994,0.475665534,0.431896239,0.453780886
MRPS33,0,397,652,541.5,0.46902328,0.486352945,0.477688113,0.47517179,0.432319474,0.453745632
TIAL1,0,379,712,746.5,0.475559337,0.483761082,0.47966021,0.481851304,0.425441252,0.453646278
ALG10,0,245,917,748,0.51529285,0.468339962,0.491816406,0.522456906,0.384517068,0.453486987
MAN1A1,0,547,303,342,0.405484751,0.510620098,0.458052425,0.410238688,0.496719041,0.453478864
TOPORS,0,316,817,746.5,0.491361348,0.477353017,0.484357183,0.498000144,0.408435689,0.453217917
GIPC1,0,363,756,622.5,0.482224104,0.480771901,0.481498002,0.488662351,0.417508637,0.453085494
SLC12A1,0,542,312,334.5,0.40738117,0.509446286,0.458413728,0.412176731,0.493604007,0.452890369
ADA,0,491,451,564,0.436007805,0.498132505,0.467070155,0.441431676,0.463579777,0.452505726
GDF11,0,361,770,645.5,0.482755164,0.479996592,0.481375878,0.489205068,0.415451142,0.452328105
STK4,0,378,733,553,0.475671742,0.482708593,0.479190168,0.481966176,0.422648183,0.452307179
WASHC3,0,152,1062,830.5,0.591678752,0.437977066,0.514827909,0.600519361,0.303940771,0.452230066
MAN1C1,0,631,193,416.5,0.352721417,0.529964315,0.441342866,0.35631728,0.54805424,0.45218576
PDIA3,0,498,454,473,0.434057201,0.497970264,0.466013733,0.43943826,0.463149225,0.451293742
SIGLEC12,0,418,632,702.5,0.46200526,0.487180961,0.474593111,0.467999735,0.434516842,0.451258289
SMARCA5,1,658,173,186.5,0.340342993,0.533926898,0.437134945,0.343667168,0.558570044,0.451118606
AP3M1,0,442,562,464.5,0.453268846,0.490226041,0.471747444,0.45907157,0.4425978,0.450834685
MRPS5,0,351,803,799,0.483806485,0.478185866,0.480996175,0.490279463,0.410645883,0.450462673
ERO1A,0,671,154,188.5,0.326477769,0.538320684,0.432399226,0.329497624,0.570230166,0.449863895
HHAT,0,448,565,485,0.451366499,0.490180203,0.470773351,0.457127469,0.442476156,0.449801813
ABCC11,0,273,914,734,0.505598373,0.469041615,0.487319994,0.51254965,0.386379096,0.449464373
TPP2,0,424,645,608,0.459959347,0.486600502,0.473279924,0.465908918,0.432976433,0.449442675
SLC25A31,0,195,999,770,0.540703516,0.455484499,0.498094007,0.548425297,0.350401559,0.449413428
SIRT7,0,166,1051,919.5,0.576315505,0.441716961,0.509016233,0.584818915,0.313865611,0.449342263
AFG3L2,1,372,772,661.5,0.477313262,0.479804366,0.478558814,0.483643725,0.414941018,0.449292372
GDI1,0,209,983,756,0.533983157,0.457936064,0.49595961,0.541557436,0.356907462,0.449232449
VANGL1,0,416,684,727,0.462430908,0.485218385,0.473824647,0.468434726,0.429308606,0.448871666
IDH3G,0,487,490,522.5,0.437493405,0.494735506,0.466114456,0.442949883,0.454564906,0.448757394
PARVB,0,392,749,539,0.470936388,0.481832991,0.476384689,0.477126888,0.420324532,0.44872571
ARL8B,0,337,840,817,0.486971179,0.47556593,0.481268555,0.493513618,0.403693162,0.44860339
RNASEH2A,0,297,882,584.5,0.495639311,0.471871357,0.483755334,0.502372002,0.393888595,0.448130298
CBX3,0,497,482,598,0.434320389,0.49520201,0.4647612,0.439707224,0.455802901,0.447755063
STX7,0,383,777,687.5,0.47459844,0.479596378,0.477097409,0.480869316,0.414389065,0.447629191
AMPD3,0,511,461,433,0.428562602,0.49722519,0.462893896,0.433823062,0.461171967,0.447497515
WWP1,1,467,557,486.5,0.444888052,0.490525523,0.467706787,0.450506831,0.443392556,0.446949693
RGS12,0,449,623,694.5,0.451322351,0.487576535,0.469449443,0.457082353,0.435566606,0.44632448
TALDO1,0,699,147,199.5,0.315819796,0.539752417,0.427786106,0.318605725,0.574029662,0.446317693
IFT88,0,748,126,195,0.286262008,0.550938829,0.418600419,0.288399189,0.603715885,0.446057537
AGMO,0,466,590,592,0.446073917,0.489297859,0.467685888,0.451718724,0.440134614,0.445926669
SGCG,0,558,348,386.5,0.40075619,0.506563546,0.453659868,0.405406342,0.485953864,0.445680103
CCT8,0,228,968,896.5,0.522655991,0.459400404,0.491028197,0.529981656,0.360793492,0.445387574
TRAM1,0,469,593,484.5,0.444646936,0.489155948,0.466901442,0.450260422,0.439758014,0.445009218
ARIH2,0,237,962,758.5,0.519029298,0.460470888,0.489750093,0.526275364,0.363634316,0.44495484
NME1,0,570,317,341,0.39262343,0.509076253,0.450849842,0.397095081,0.492622023,0.444858552
SMC4,0,454,628,689.5,0.44891413,0.48732097,0.46811755,0.454621275,0.434888393,0.444754834
NPR1,0,501,506,517.5,0.432073715,0.493752322,0.462913018,0.437411239,0.451955755,0.444683497
USP13,0,402,760,724,0.465939795,0.480605594,0.473272695,0.472020628,0.417067297,0.444543962
NCOR2,0,504,499,456,0.430819229,0.494071204,0.462445216,0.436129219,0.452801997,0.444465608
EIF2B5,0,522,455,492.5,0.420819095,0.497916625,0.45936786,0.425909597,0.46300688,0.444458239
IMPA2,0,461,622,667.5,0.446637588,0.487645279,0.467141434,0.452294767,0.435749038,0.444021902
RCAN1,0,405,769,760.5,0.465691599,0.480128882,0.47291024,0.471766983,0.41580221,0.443784597
MRPS9,0,399,787,608,0.467647127,0.479123173,0.47338515,0.473765433,0.413133285,0.443449359
DDX11,0,341,884,834.5,0.485833049,0.471848999,0.478841024,0.492350508,0.393829261,0.443089885
EGFR,0,774,115,131,0.273196525,0.553662217,0.413429371,0.275046938,0.610943144,0.442995041
CANT1,0,555,381,405.5,0.401762915,0.504090669,0.452926792,0.406435163,0.479391404,0.442913283
ATP5F1E,0,580,315,342.5,0.387957519,0.50939192,0.448674719,0.39232676,0.493459731,0.442893246
PRELID1,0,367,866,549,0.479259173,0.473710631,0.476484902,0.485632345,0.398769616,0.442200981
HSPA2,0,546,405,418,0.40565074,0.501978155,0.453814447,0.41040832,0.473785267,0.442096793
SLC66A1,0,236,978,890,0.519313842,0.458127958,0.4887209,0.526566153,0.357416707,0.44199143
PYGB,0,527,457,596.5,0.416176242,0.497414766,0.456795504,0.421164841,0.46167506,0.44141995
TP53I3,0,534,446,450,0.412861377,0.498609542,0.455735459,0.417777219,0.464845725,0.441311472
SOCS2,0,439,741,762,0.454489822,0.48242138,0.468455601,0.460319345,0.421885984,0.441102664
APP,0,596,298,320.5,0.380446445,0.510912127,0.445679286,0.38465083,0.497494018,0.441072424
PRMT1,0,406,807,667.5,0.465649983,0.478045397,0.47184769,0.471724455,0.41027311,0.440998782
TWF1,0,319,919,803.5,0.490876953,0.468209802,0.479543377,0.497505117,0.384171653,0.440838385
ATP2A3,0,663,199,229.5,0.336498736,0.527604597,0.432051667,0.339738536,0.54179208,0.440765308
POLR1B,0,508,535,631.5,0.429651574,0.491658069,0.460654822,0.434935936,0.446398079,0.440667008
PER2,0,428,757,771.5,0.457760979,0.480738923,0.469249951,0.463662299,0.417421121,0.44054171
RDX,0,353,900,586,0.483614255,0.470600154,0.477107205,0.490083015,0.390515108,0.440299062
VCP,0,724,143,272.5,0.29821971,0.54191718,0.420068445,0.300619344,0.579774456,0.4401969
BRD2,0,474,666,641.5,0.442973631,0.485904067,0.464438849,0.448550391,0.431128252,0.439839321
SLC20A1,0,502,576,649,0.43182066,0.489904591,0.460862625,0.437152629,0.441744744,0.439448687
ITPR2,0,680,183,196.5,0.322980932,0.531380654,0.427180793,0.325924037,0.551812885,0.438868461
PABPC3,0,505,582,475.5,0.430606469,0.489637115,0.460121792,0.435911789,0.441034922,0.438473355
ARHGDIB,0,483,658,678.5,0.439390937,0.486167883,0.46277941,0.444889063,0.431828361,0.438358712
BRK1,0,241,989,685,0.516962909,0.456243115,0.486603012,0.52416362,0.352414756,0.438289188
PABPC4,0,423,806,643,0.460179331,0.478049266,0.469114298,0.46613373,0.410283377,0.438208553
MTCH1,0,444,759,780.5,0.452819822,0.4806332,0.466726511,0.458612691,0.417140555,0.437876623
TUFM,0,488,656,699,0.437334616,0.486225503,0.46178006,0.442787609,0.431981272,0.43738444
EIF5A2,0,412,834,827.5,0.463856623,0.475750757,0.46980369,0.469891732,0.40418365,0.437037691
HSPA6,0,595,339,514.5,0.381229001,0.507567134,0.444398067,0.385450561,0.488617159,0.43703386
ELOC,0,447,765,588,0.451399823,0.480310192,0.465855007,0.457161525,0.416283366,0.436722446
FABP12,0,479,699,612.5,0.440404721,0.484267252,0.462335986,0.445925097,0.426784513,0.436354805
RPIA,0,665,207,231,0.331999508,0.525252403,0.428625956,0.335140557,0.535549887,0.435345222
FIG4,0,468,751,694,0.444688271,0.481518199,0.463103235,0.450302665,0.419489146,0.434895905
SUCLG2,0,606,321,379.5,0.37048869,0.508877296,0.439682993,0.374474517,0.492094035,0.433284276
TCP1,0,537,512,571.5,0.410909648,0.493294296,0.452101972,0.415782653,0.450740258,0.433261455
VANGL2,0,476,754,599.5,0.441922211,0.481066372,0.461494291,0.447475894,0.418290096,0.432882995
STX1B,0,623,268,585,0.355520538,0.514305293,0.434912916,0.359177838,0.506498718,0.432838278
EEF1A2,0,543,494,474.5,0.407182101,0.494323732,0.450752916,0.411973292,0.45347215,0.432722721
TIA1,0,421,865,826,0.460273634,0.473790437,0.467032035,0.466230103,0.398981402,0.432605752
ATP5PB,0,580,410,422.5,0.387957519,0.501576517,0.444767018,0.39232676,0.472719411,0.432523085
SGTA,0,612,304,329.5,0.365465806,0.51017641,0.437821108,0.369341388,0.495541591,0.43244149
PNMT,0,516,614,540.5,0.422630549,0.488118261,0.455374405,0.42776081,0.437004224,0.432382517
AP3B2,0,465,792,662.5,0.446100574,0.47872684,0.462413707,0.451745966,0.412081505,0.431913735
AK2,0,541,511,557.5,0.40766603,0.493426399,0.450546214,0.412467842,0.451090828,0.431779335
USP14,0,437,844,823.5,0.454812467,0.475249772,0.46503112,0.460649072,0.402854151,0.431751611
POLR3A,0,512,664,712,0.426880868,0.485961855,0.456421361,0.432104416,0.431281608,0.431693012
TP53BP1,0,605,342,376.5,0.371847894,0.507082693,0.439465293,0.375863553,0.487331563,0.431597558
USP3,0,441,852,700,0.453528276,0.474923503,0.464225889,0.459336694,0.401988304,0.430662499
STK3,0,482,764,735.5,0.439419937,0.480324419,0.459872178,0.444918699,0.416321122,0.430619911
MSH6,0,475,794,635.5,0.442753679,0.478681238,0.460717459,0.448325612,0.411960489,0.43014305
SNAP23,0,262,1016,919,0.510172789,0.452699764,0.481436276,0.517224467,0.343011499,0.430117983
USP2,0,464,820,799.5,0.446244791,0.47722519,0.461734991,0.451893348,0.408096466,0.429994907
UCHL3,0,452,838,672,0.450325589,0.475635997,0.462980793,0.456063713,0.403879105,0.429971409
HNRNPDL,0,532,578,666,0.413347861,0.489767819,0.45155784,0.418274381,0.441381781,0.429828081
ACTR1A,0,369,941,863,0.477762019,0.464903434,0.471332727,0.484102331,0.375397295,0.429749813
GATB,0,323,967,658.5,0.490055999,0.460059983,0.475057991,0.496666145,0.362543864,0.429605005
SLC16A13,0,460,839,819,0.446783382,0.475631261,0.461207321,0.45244376,0.403866535,0.428155148
PPP6C,0,440,877,576,0.453983937,0.472703551,0.463343744,0.459802356,0.396097051,0.427949704
ARRB1,0,757,148,228.5,0.279904981,0.539696744,0.409800863,0.281902635,0.57388192,0.427892277
TGFB1,0,700,206,248,0.314767561,0.526090785,0.420429173,0.317530395,0.537774763,0.427652579
SLC36A1,0,387,945,809.5,0.473765023,0.464377135,0.469071079,0.480017607,0.374000617,0.427009112
TPM4,0,503,758,631,0.431402299,0.480664068,0.456033183,0.436725086,0.417222474,0.42697378
AKR1B15,0,524,668,668.5,0.417805884,0.48584589,0.451825887,0.42283025,0.430973863,0.426902057
ELP1,0,269,1021,734.5,0.50656078,0.45160333,0.479082055,0.513533181,0.340101809,0.426817495
SLC16A7,0,525,661,518.5,0.416857079,0.486050321,0.4514537,0.421860621,0.431516378,0.426688499
CERT1,0,314,987,918.5,0.492234826,0.45657612,0.474405473,0.498892794,0.353298476,0.426095635
MAPK14,0,898,66,80.5,0.166818989,0.581834264,0.374326626,0.166334578,0.685705421,0.42602
ARHGDIA,0,457,870,605,0.448049751,0.473467191,0.460758471,0.453737924,0.398123579,0.425930752
GLIPR1,0,593,452,594.5,0.382616581,0.49806195,0.440339266,0.386868597,0.46339254,0.425130569
TPM3,0,520,723,726,0.421491246,0.483081049,0.452286147,0.426596501,0.423636597,0.425116549
TDO2,0,848,97,114.5,0.211644199,0.563562219,0.387603209,0.212143633,0.637215522,0.424679578
PDIA2,0,651,276,339.5,0.341078992,0.513693283,0.427386137,0.344419321,0.504874581,0.424646951
IDH3A,0,564,522,536,0.395946209,0.492407294,0.444176751,0.400490789,0.448386354,0.424438572
FIS1,0,563,528,629.5,0.396441796,0.492216036,0.444328916,0.400997254,0.447878798,0.424438026
SLC25A15,0,292,1015,932.5,0.497088821,0.452806801,0.474947811,0.503853327,0.343295552,0.423574439
ARRB2,0,768,160,232.5,0.276565371,0.537307483,0.406936427,0.278489726,0.567541358,0.423015542
RRM2,0,616,394,418.5,0.364261191,0.502878055,0.433569623,0.368110334,0.4761734,0.422141867
QRSL1,0,343,991,846.5,0.485768217,0.456010151,0.470889184,0.492284253,0.351796522,0.422040387
RHOT1,0,492,847,689.5,0.435870588,0.475065667,0.455468127,0.441291447,0.402365575,0.421828511
NEIL1,0,427,935,701.5,0.45917843,0.466028944,0.462603687,0.465110861,0.378384146,0.421747504
ADARB1,0,625,358,391,0.355288528,0.505743701,0.430516115,0.358940735,0.48377818,0.421359458
DGKZ,0,588,505,576.5,0.385079367,0.493803327,0.439441347,0.389385437,0.452091111,0.420738274
FOXM1,0,607,434,480.5,0.369407938,0.499777394,0.434592666,0.373370044,0.467944941,0.420657492
HSPG2,0,602,478,462,0.378188315,0.496086309,0.437137312,0.382343137,0.458149633,0.420246385
ERBB4,0,577,532,522,0.389358179,0.491717302,0.440537741,0.393758163,0.446555271,0.420156717
TBL1XR1,0,592,503,606,0.383039903,0.493870684,0.438455294,0.38730121,0.452269861,0.419785536
USP22,0,554,669,508.5,0.40364077,0.485814325,0.444727548,0.408354235,0.430890096,0.419622166
SLC16A3,0,519,795,624,0.422043056,0.478673577,0.450358317,0.427160423,0.411940158,0.41955029
TRIM9,0,296,1027,894.5,0.495910991,0.450181597,0.473046294,0.502649645,0.33632885,0.419489247
SGCD,0,573,570,479,0.392241453,0.489997263,0.441119358,0.39670472,0.441990675,0.419347697
SLC16A10,0,481,887,814,0.439473846,0.471564766,0.455519306,0.444973791,0.393074972,0.419024381
LCP1,0,426,948,877.5,0.459298634,0.463853565,0.4615761,0.465233703,0.372611179,0.418922441
DHRS3,0,567,595,649,0.393691687,0.489084499,0.441388093,0.398186784,0.439568405,0.418877594
FABP7,0,579,541,460.5,0.388096653,0.491221298,0.439658976,0.392468948,0.445238988,0.418853968
RBMXL2,0,478,901,621.5,0.44150605,0.470585552,0.456045801,0.447050599,0.390476357,0.418763478
UBE2M,0,566,601,644.5,0.39388107,0.488699381,0.441290225,0.398380324,0.438546386,0.418463355
PRKAR2A,0,666,285,334.5,0.331905901,0.512558926,0.422232414,0.335044895,0.501864255,0.418454575
FADS3,0,539,735,644.5,0.408398408,0.482636971,0.445517689,0.413216295,0.422458113,0.417837204
SYNJ2,0,550,708,741.5,0.404658752,0.483912189,0.444285471,0.40939456,0.425842255,0.417618408
TKT,0,696,241,307.5,0.317174131,0.517597605,0.417385868,0.319989785,0.515235774,0.41761278
DGKI,0,584,547,471,0.385807632,0.491023385,0.438415509,0.390129686,0.444713772,0.417421729
RPL9,0,686,252,292.5,0.320332278,0.515890029,0.418111153,0.323217249,0.51070425,0.416960749
PMS2,0,514,846,561,0.426060511,0.475106821,0.450583666,0.431266054,0.40247479,0.416870422
SDHC,0,656,337,455,0.340816995,0.507612788,0.424214892,0.344151574,0.488738316,0.416444945
AP4B1,0,551,726,639.5,0.404530204,0.482979107,0.443754656,0.409263191,0.423366065,0.416314628
PRKACG,0,521,825,706,0.421009204,0.476438511,0.448723857,0.426103879,0.406008795,0.416056337
SUPT4H1,0,568,642,676.5,0.393469446,0.486979444,0.440224445,0.397959666,0.43398206,0.415970863
ALG10B,0,887,81,95.5,0.173505552,0.57163441,0.372569981,0.173167901,0.658637301,0.415902601
GPX4,0,480,916,845,0.440258728,0.468859654,0.454559191,0.4457759,0.385896212,0.415836056
KIN,0,386,995,893,0.473905279,0.455751519,0.464828399,0.480160942,0.351110171,0.415635556
MTHFD1L,0,643,364,404.5,0.344743738,0.505337627,0.425040682,0.348164502,0.482700548,0.415432525
MVK,0,610,476,553.5,0.367606665,0.496134211,0.431870438,0.371529236,0.458276753,0.414902995
SLC25A2,0,377,1007,703.5,0.475725872,0.453899755,0.464812813,0.482021493,0.346196005,0.414108749
FABP3,0,544,766,677.5,0.406278031,0.480295487,0.443286759,0.411049379,0.416244341,0.41364686
STX2,0,545,763,730,0.405921828,0.480341223,0.443131526,0.410685359,0.416365715,0.413525537
TAOK2,0,395,998,840,0.469523828,0.455556782,0.462540305,0.475683324,0.350593382,0.413138353
SYNJ1,0,594,605,518,0.382433208,0.488656776,0.435544992,0.386681199,0.438433323,0.412557261
DNM1L,0,786,169,266,0.262200312,0.534921557,0.398560934,0.263809375,0.561209647,0.412509511
ARF1,0,668,318,362,0.328098199,0.509066389,0.418582294,0.33115362,0.492595845,0.411874732
ATAD3B,0,571,700,605,0.392447331,0.484246575,0.438346953,0.396915117,0.426729642,0.411822379
IARS2,0,453,955,641,0.449455453,0.462278878,0.455867166,0.45517448,0.368432314,0.411803397
LARS2,0,486,933,678.5,0.438860507,0.466080916,0.452470711,0.444346991,0.378522066,0.411434529
PFAS,0,783,179,232.5,0.265126473,0.532882434,0.399004453,0.266799761,0.555798273,0.411299017
COQ2,0,599,609,530.5,0.380260793,0.488462371,0.434361582,0.384461103,0.437917416,0.411189259
AKR1B10,0,639,422,575.5,0.347207394,0.500653926,0.42393066,0.350682233,0.470271062,0.410476647
SLC25A47,0,267,1058,735,0.507112333,0.439054558,0.473083446,0.51409684,0.306800192,0.410448516
MSN,0,603,594,652.5,0.37677454,0.489116974,0.432945757,0.380898331,0.439654584,0.410276458
NNMT,0,615,508,491,0.364651834,0.493724637,0.429188235,0.368509551,0.451882285,0.410195918
SCD5,0,635,442,467.5,0.350805678,0.498984799,0.424895238,0.354359493,0.465841572,0.410100532
ECI2,0,575,720,561,0.391160842,0.483278845,0.437219844,0.395600391,0.424161504,0.409880947
CRYAA,0,598,631,684.5,0.380377013,0.487226932,0.433801972,0.384579873,0.434638838,0.409609356
NPR2,0,490,936,782,0.436234784,0.465673499,0.450954142,0.441663637,0.377440875,0.409552256
TP63,0,529,867,737,0.415217773,0.473606947,0.44441236,0.420185334,0.39849446,0.409339897
PRKAR1B,0,708,271,303.5,0.308871458,0.514159667,0.411515563,0.311504882,0.506112259,0.40880857
SLC13A5,0,422,992,704,0.460230249,0.455856761,0.458043505,0.466185765,0.351389459,0.408787612
ATXN3L,0,586,693,697.5,0.385405607,0.484421561,0.434913584,0.389718838,0.427194014,0.408456426
LMNA,0,398,1018,924.5,0.46801513,0.45238193,0.46019853,0.474141513,0.34216804,0.408154777
RPL19,0,715,252,338.5,0.30291278,0.515890029,0.409401404,0.30541542,0.51070425,0.408059835
PPFIA3,0,506,926,783.5,0.430424644,0.466720573,0.448572609,0.435725973,0.380219574,0.407972774
YARS2,0,451,972,897,0.450795427,0.458648976,0.454722202,0.456543864,0.358799371,0.407671618
POLG,0,556,816,753.5,0.401416182,0.477368691,0.439392437,0.40608082,0.408477283,0.407279052
PPM1D,0,634,477,578.5,0.352022821,0.496090777,0.424056799,0.35560335,0.458161488,0.406882419
GPX7,0,655,429,426,0.340896057,0.500101673,0.420498865,0.344232371,0.468805505,0.406518938
POLR3C,0,500,946,797,0.432179794,0.464230678,0.448205236,0.437519646,0.373611951,0.405565799
LIPF,0,600,692,699.5,0.379125968,0.484527544,0.431826756,0.38330137,0.427475271,0.405388321
CASP2,0,589,743,625.5,0.384177009,0.482200197,0.433188603,0.388463274,0.421299013,0.404881143
SDHA,0,706,305,331,0.311778789,0.509991046,0.410884918,0.314476024,0.495049677,0.404762851
SLC36A4,0,463,981,886.5,0.446501969,0.457978232,0.452240101,0.452156171,0.357019367,0.404587769
TAOK1,0,322,1057,889.5,0.490080765,0.441033419,0.465557092,0.496691454,0.312051643,0.404371549
DBNL,0,557,848,816,0.401347299,0.47505777,0.438202534,0.406010425,0.402344619,0.404177522
POLR3B,0,512,944,636,0.426880868,0.464440965,0.445660916,0.432104416,0.374170007,0.403137212
SUCLG1,0,650,465,466,0.341137491,0.497022941,0.419080216,0.344479104,0.460635244,0.402557174
SLC16A12,0,576,814,804,0.390975368,0.477475558,0.434225463,0.395410846,0.408760885,0.402085866
DICER1,0,348,1055,722.5,0.484460906,0.441332345,0.462896626,0.490948248,0.312844927,0.401896588
RALA,0,604,698,646,0.372609832,0.484340484,0.428475158,0.376642215,0.426978855,0.401810535
ROCK1,0,762,230,466,0.278532794,0.520262059,0.399397427,0.280500331,0.522306636,0.401403483
BUB3,0,528,924,856.5,0.415995976,0.466833017,0.441414496,0.420980618,0.380517974,0.400749296
MIF,0,627,567,579,0.35365248,0.490079138,0.421865809,0.357268778,0.442207952,0.399738365
TBL1X,0,682,408,491,0.322133008,0.50172347,0.411928239,0.325057502,0.47310939,0.399083446
MAPK10,0,659,488,460,0.339903683,0.494852211,0.417377947,0.343218216,0.454874613,0.399046414
PHB,0,707,355,388,0.310757778,0.505985505,0.408371642,0.313432603,0.484419873,0.398926238
PEMT,0,645,520,469.5,0.344545171,0.492508062,0.418526617,0.347961578,0.448653771,0.398307674
ATP5F1A,0,676,430,440,0.324992467,0.499954028,0.412473247,0.327979722,0.468413688,0.398196705
IDNK,0,640,537,499,0.346714927,0.491553954,0.419134441,0.350178956,0.446121782,0.398150369
PCBP2,0,648,523,624,0.343514795,0.492405617,0.417960206,0.346908586,0.448381903,0.397645245
ERN1,1,132,1112,1004.5,0.640054144,0.378198955,0.509126549,0.649956519,0.145303108,0.397629813
POLR3D,0,526,949,877.5,0.41658621,0.463822311,0.440204261,0.421583807,0.372528239,0.397056023
SLC36A2,0,536,939,872.5,0.411740683,0.465416047,0.438578365,0.416631928,0.376757656,0.396694792
BANF1,0,674,450,574.5,0.325809339,0.498341013,0.412075176,0.328814523,0.464133108,0.396473816
NDUFS2,1,553,918,809.5,0.403651352,0.46832788,0.435989616,0.408365049,0.384485003,0.396425026
SACM1L,0,590,833,693,0.384098789,0.475808103,0.429953446,0.388383337,0.404335834,0.396359585
RPL30,0,754,264,298.5,0.283140499,0.514666626,0.398903563,0.285209167,0.507457616,0.396333392
RPL17,0,752,269,455,0.283648223,0.51422629,0.398937257,0.285728035,0.506289064,0.396008549
TADA2B,0,621,654,546.5,0.356117532,0.486297639,0.421207585,0.359787934,0.432172704,0.395980319
DNA2,0,585,858,767,0.385752165,0.474438897,0.430095531,0.390073001,0.40070227,0.395387636
SSRP1,0,583,861,737.5,0.386598791,0.474088448,0.430343619,0.39093821,0.399772256,0.395355233
DMD,0,569,888,835.5,0.393158137,0.471477212,0.432317675,0.397641524,0.392842623,0.395242074
VPS37B,0,833,158,167,0.221442832,0.537444116,0.379443474,0.222157331,0.567903951,0.395030641
SLC13A3,0,591,859,632,0.383088339,0.474194258,0.428641298,0.387350709,0.400053052,0.39370188
RRM1,0,702,423,426.5,0.314209045,0.500636447,0.407422746,0.316959621,0.470224677,0.393592149
ACHE,0,711,391,448.5,0.305365523,0.503596199,0.404480861,0.307921996,0.478079191,0.393000593
MTHFD2,0,697,441,437,0.31689105,0.499000982,0.407946016,0.319700491,0.465884519,0.392792505
PRKCQ,0,722,357,391,0.29930568,0.505758341,0.40253201,0.301729149,0.483817029,0.392773089
KYNU,0,807,210,247.5,0.249774402,0.524778924,0.387276663,0.251110735,0.534293379,0.392702057
ERCC4,0,552,940,851,0.404176167,0.465201053,0.43468861,0.408901382,0.376187109,0.392544246
EIF5B,0,647,617,630,0.34419882,0.487922601,0.41606071,0.347607625,0.436484987,0.392046306
ATP1A1,0,820,191,203.5,0.232962462,0.530615481,0.381788972,0.2339298,0.54978229,0.391856045
CYP2C18,0,683,474,591,0.321865868,0.496267036,0.409066452,0.324784499,0.458629241,0.39170687
FH,0,662,584,672,0.337683334,0.48952397,0.413603652,0.340949134,0.44073466,0.390841897
ITGB1,0,673,501,572,0.32602102,0.493916855,0.409968937,0.32903085,0.452392388,0.390711619
XPA,0,629,731,705.5,0.35315036,0.482784845,0.417967603,0.356755638,0.422850539,0.389803088
PEX16,0,644,677,510.5,0.344623846,0.485490739,0.415057292,0.34804198,0.430031372,0.389036676
SLC27A4,0,459,1041,940.5,0.447320171,0.44593618,0.446628176,0.452992331,0.325062469,0.3890274
ACAT1,0,871,134,258.5,0.189112841,0.545169117,0.367140979,0.189117747,0.588404366,0.388761056
MAP2K4,0,744,349,532,0.289088518,0.506354143,0.397721331,0.291287736,0.485398156,0.388342946
HUS1B,0,413,1059,945,0.463244964,0.438900529,0.451072747,0.469266649,0.306391434,0.387829042
AP3D1,0,535,977,902,0.411977152,0.458139958,0.435058555,0.416873587,0.357448551,0.387161069
SLC16A2,0,611,843,645.5,0.366628011,0.475253272,0.420940642,0.370529102,0.402863438,0.38669627
ATP5F1C,0,772,300,368.5,0.273808756,0.510904413,0.392356584,0.275672607,0.497473547,0.386573077
GDF15,0,681,529,628.5,0.322288945,0.492180762,0.407234854,0.325216862,0.44778519,0.386501026
CYP2A7,0,843,177,264.5,0.215441043,0.532986605,0.374213824,0.216023812,0.556074718,0.386049265
SCD,0,780,287,309.5,0.268719425,0.511909589,0.390314507,0.270471573,0.500141059,0.385306316
SLC27A6,0,523,1012,776.5,0.419789157,0.453298392,0.436543774,0.424857054,0.344600123,0.384728588
ITPR3,0,750,378,406.5,0.285438939,0.50442083,0.394929884,0.287558054,0.480267577,0.383912816
PGLS,0,766,343,378.5,0.277650726,0.506818481,0.392234604,0.279598902,0.486630404,0.383114653
PPFIA2,0,531,1010,914.5,0.413894268,0.453660758,0.433777513,0.418832781,0.345561762,0.382197271
MAD2L1,0,587,950,861.5,0.385377344,0.463820809,0.424599076,0.389689954,0.372524251,0.381107103
TRIT1,0,597,938,861.5,0.380406203,0.465629931,0.423018067,0.384609704,0.377325254,0.380967479
RPL21,0,686,608,486,0.320332278,0.488488749,0.404410513,0.323217249,0.437987417,0.380602333
ELAVL2,0,625,850,825.5,0.355288528,0.47497436,0.415131444,0.358940735,0.402123269,0.380532002
PPP3CB,0,912,120,150.5,0.153898784,0.552446533,0.353172659,0.153130795,0.607716992,0.380423894
PPFIA1,0,540,1003,913.5,0.40770973,0.454483514,0.431096622,0.412512501,0.347745171,0.380128836
PTGES3,0,565,976,900,0.3950074,0.458280357,0.426643878,0.399531375,0.357821138,0.378676257
ERBB3,0,725,480,468,0.29774885,0.495432625,0.396590738,0.30013815,0.456414902,0.378276526
FADS1,0,759,402,418,0.278931647,0.502031791,0.390481719,0.280907938,0.473927603,0.377417771
POLE3,0,739,458,540.5,0.290797534,0.49740418,0.394100857,0.293034262,0.461646966,0.377340614
SLC13A2,0,561,992,625,0.39790681,0.455856761,0.426881785,0.402494422,0.351389459,0.37694194
RPL23,0,803,295,363.5,0.252261914,0.51151066,0.381886287,0.253652845,0.499082391,0.376367618
SUCLA2,0,778,379,438.5,0.269792455,0.504309478,0.387050967,0.271568155,0.479972075,0.375770115
CYP2F1,0,835,220,253,0.221108292,0.521671728,0.37139001,0.221815449,0.526047581,0.373931515
TIMM17A,0,698,688,515,0.316252282,0.484894693,0.400573488,0.319047704,0.428449601,0.373748652
QPRT,0,814,267,357.5,0.239400272,0.514486106,0.376943189,0.24050891,0.506978555,0.373743732
RPLP1,0,794,354,393.5,0.257911746,0.506052206,0.381981976,0.259426682,0.484596883,0.372011782
CYCS,0,776,420,424.5,0.271329067,0.500763794,0.38604643,0.273138493,0.470562624,0.371850558
CS,0,785,392,411,0.262593731,0.503297085,0.382945408,0.264211429,0.477285411,0.37074842
SLC25A20,0,620,932,778.5,0.358042115,0.466125596,0.412083855,0.361754759,0.378640639,0.370197699
PIK3CA,1,968,64,79.5,0.055227563,0.582708349,0.318967956,0.052293893,0.688025045,0.370159469
SLC25A16,0,559,1031,725,0.400415678,0.449312681,0.42486418,0.405058357,0.334022944,0.36954065
CDS1,0,690,774,553,0.319939464,0.47969486,0.399817162,0.322815813,0.414650413,0.368733113
LBR,0,741,559,634,0.290172849,0.490452411,0.39031263,0.292395866,0.443198535,0.367797201
PRPS2,0,734,597,490,0.292249106,0.48902669,0.390637898,0.294517694,0.43941499,0.366966342
RPL37A,0,736,612,636,0.292000246,0.488367306,0.390183776,0.294263372,0.437665134,0.365964253
NPAS2,0,712,719,540,0.304839767,0.483399888,0.394119827,0.307384701,0.424482724,0.365933712
IDO1,0,830,272,300,0.225016862,0.514099675,0.369558268,0.225809806,0.505953054,0.36588143
IFT172,0,638,929,660,0.348018055,0.466369284,0.40719367,0.351510687,0.379287332,0.365399009
ELAVL1,0,719,715,682,0.301829958,0.483596784,0.392713371,0.304308831,0.425005243,0.364657037
HNRNPD,0,670,864,671,0.327236411,0.473790716,0.400513564,0.330272917,0.398982144,0.364627531
SHC1,0,872,201,223.5,0.188523903,0.527193165,0.357858534,0.188515882,0.540700232,0.364608057
ATP5F1B,0,823,297,350.5,0.229687864,0.510944693,0.370316279,0.230583329,0.497580442,0.364081886
IFT52,0,723,702,550,0.298743882,0.484199756,0.391471819,0.301155021,0.426605393,0.363880207
SLC25A32,0,613,975,899,0.365342369,0.458432112,0.411887241,0.369215242,0.358223863,0.363719552
ILK,0,705,800,805.5,0.312932186,0.478293733,0.39561296,0.315654736,0.410932138,0.363293437
ACLY,0,800,425,424.5,0.254946388,0.500486932,0.37771666,0.256396239,0.469827895,0.363112067
GRB2,0,901,171,186.5,0.165634375,0.534595408,0.350114892,0.165123964,0.560344121,0.362734043
EIF3A,0,738,663,501,0.29131695,0.485976293,0.388646621,0.293565079,0.431319924,0.362442501
SLC25A5,0,652,927,603,0.340960169,0.46646796,0.403714065,0.344297891,0.379549196,0.361923544
WARS2,0,649,931,573.5,0.341397586,0.466225707,0.403811647,0.344744908,0.37890631,0.361825609
ALG12,1,654,928,859.5,0.340908971,0.466407554,0.403658262,0.344245568,0.379388891,0.361817229
CDC6,0,694,856,817.5,0.318788555,0.474530847,0.396659701,0.321639643,0.400946285,0.361292964
EEF1E1,0,618,979,868.5,0.361106666,0.458094926,0.409600796,0.364886572,0.357329046,0.361107809
PDIA4,0,836,290,351,0.220607405,0.511802732,0.366205068,0.221303568,0.499857483,0.360580526
IFT22,0,691,872,829.5,0.319871541,0.47326693,0.396569235,0.322746399,0.397592131,0.360169265
PRPS1,0,755,619,630,0.282081988,0.487748704,0.384915346,0.284127423,0.436023505,0.360075464
AGPAT5,0,675,903,825.5,0.325799516,0.470425562,0.398112539,0.328804485,0.390051782,0.359428133
SBDS,0,373,1100,923,0.476510308,0.411459085,0.443984697,0.482823147,0.233568014,0.35819558
ERCC1,0,632,970,649,0.352447951,0.459029511,0.405738731,0.356037812,0.359809224,0.357923518
TRDMT1,0,664,930,847,0.333474972,0.466285919,0.399880446,0.336648405,0.3790661,0.357857252
RPL13,0,752,689,550.5,0.283648223,0.484825434,0.384236829,0.285728035,0.428265804,0.356996919
STAM2,0,784,546,469,0.26492499,0.491036604,0.377980797,0.266593856,0.444748851,0.355671354
XPOT,0,701,890,771,0.314405085,0.471411963,0.392908524,0.317159963,0.392669466,0.354914715
TIMM17B,0,733,781,551,0.293099925,0.479464234,0.38628208,0.295387188,0.414038383,0.354712785
NMT1,0,726,809,553,0.297533714,0.477749146,0.38764143,0.299918291,0.409486927,0.354702609
CDS2,0,729,810,558.5,0.296768004,0.477638014,0.387203009,0.299135775,0.409192007,0.354163891
STUB1,0,619,1014,875.5,0.360727631,0.452974364,0.406850997,0.364499218,0.343740225,0.354119722
TIMM23,0,740,773,695,0.290400307,0.479772579,0.385086443,0.292628317,0.414856663,0.35374249
SYMPK,0,641,985,645,0.346059489,0.457090703,0.401575096,0.349509132,0.354664064,0.352086598
FGF23,0,781,633,672.5,0.267899191,0.487161999,0.377530595,0.269633336,0.434466522,0.352049929
RPL34,0,794,555,511.5,0.257911746,0.490543655,0.374227701,0.259426682,0.443440676,0.351433679
PRKD3,0,770,713,718,0.275668946,0.483704689,0.379686818,0.277573625,0.425291598,0.351432612
AP3M2,0,808,513,514.5,0.249487027,0.493195996,0.371341511,0.250817053,0.450479391,0.350648222
HNRNPA1L2,0,672,951,874,0.326134892,0.463593592,0.394864242,0.329147221,0.371921268,0.350534245
AKR1C2,0,771,734,535.5,0.274548919,0.482668615,0.378608767,0.276429016,0.422542091,0.349485554
SLC27A5,0,653,986,909.5,0.340922075,0.45685554,0.398888807,0.34425896,0.354039994,0.349149477
JAK2,0,825,428,511,0.228209026,0.500144974,0.364177,0.229072033,0.468920417,0.348996225
AKR1C1,0,831,418,544.5,0.224655611,0.50088434,0.362769976,0.225440626,0.470882529,0.348161577
KIF17,0,728,876,611,0.297060762,0.472783594,0.384922178,0.299434959,0.396309467,0.347872213
EIF3K,0,746,823,584.5,0.286793424,0.476613349,0.381703386,0.288942269,0.406472775,0.347707522
PPP3CA,0,915,194,217.5,0.148493342,0.529779611,0.339136477,0.147606712,0.547564079,0.347585396
SLC32A1,0,609,1043,863.5,0.368600058,0.444960033,0.406780046,0.372544432,0.322471995,0.347508214
RPL26L1,0,715,906,842,0.30291278,0.470002311,0.386457545,0.30541542,0.388928567,0.347171993
ALDH1A2,0,826,444,484,0.227755883,0.498940722,0.363348303,0.228608944,0.465724603,0.347166774
EIF3F,0,788,659,565.5,0.26100209,0.486115416,0.373558753,0.262584855,0.431689124,0.34713699
CNOT6,0,657,1001,919.5,0.340716326,0.455276773,0.39799655,0.344048696,0.349850302,0.346949499
ACSL4,0,821,472,456.5,0.232926398,0.496484851,0.364705624,0.233892944,0.459207273,0.346550108
AKR1B1,0,869,283,483.5,0.190092986,0.512713525,0.351403255,0.190119404,0.502274525,0.346196964
PRKAR2B,0,832,438,584,0.223715182,0.499340773,0.361527978,0.224479556,0.466786249,0.345632903
FABP9,0,764,801,790.5,0.277892398,0.478229334,0.378060866,0.279845879,0.410761237,0.345303558
SEL1L,0,782,747,607.5,0.267837675,0.481871188,0.374854432,0.26957047,0.420425899,0.344998185
IFT57,0,679,963,890,0.323485653,0.460327914,0.391906783,0.326439835,0.363254894,0.344847365
TERF2,0,693,957,684,0.318851508,0.461931252,0.39039138,0.321703978,0.367509793,0.344606886
USP5,0,801,650,644.5,0.254883567,0.486434914,0.37065924,0.256332039,0.432537001,0.34443452
AKR1D1,0,790,706,730,0.259900819,0.483938599,0.371919709,0.261459412,0.425912343,0.343685878
MRPL1,0,434,1103,1014.5,0.455885333,0.408014526,0.431949929,0.461745485,0.224426927,0.343086206
PARP1,0,856,369,395.5,0.203320012,0.505132156,0.354226084,0.203636743,0.482155275,0.342896009
TUT7,0,625,1038,891,0.355288528,0.446603529,0.400946029,0.358940735,0.326833464,0.3428871
FZR1,0,642,1028,932,0.345745496,0.450123196,0.397934346,0.349188248,0.336173868,0.342681058
MSH2,0,745,885,768.5,0.288354512,0.47164879,0.380001651,0.29053762,0.393297954,0.341917787
PABPC1,0,863,367,395.5,0.200456095,0.505221595,0.352838845,0.200709968,0.482392626,0.341551297
RPS23,0,885,262,343,0.173547408,0.515037585,0.344292496,0.173210676,0.508442056,0.340826366
FEN1,0,713,947,879,0.304462343,0.46412213,0.384292237,0.306998994,0.37332389,0.340161442
EIF3B,0,811,674,717.5,0.246967858,0.485620205,0.366294031,0.248242593,0.430374946,0.339308769
SLC25A29,0,630,1044,942,0.352852908,0.444686623,0.398769766,0.356451657,0.321746426,0.339099041
CYP2C9,0,893,263,399.5,0.170757902,0.51478419,0.342771046,0.170359945,0.507769602,0.339064774
DGAT1,0,775,849,563.5,0.272647209,0.475020624,0.373833917,0.274485566,0.402246041,0.338365804
ITPR1,0,888,282,343.5,0.172583243,0.513118818,0.34285103,0.172225349,0.50335008,0.337787715
XRCC5,0,578,1075,958.5,0.389277254,0.42931044,0.409293847,0.393675461,0.280941494,0.337308478
DYNLL2,0,819,591,655.5,0.23300245,0.489288986,0.361145718,0.233970665,0.440111065,0.337040865
SGPP1,0,763,886,716.5,0.277977774,0.471631057,0.374804415,0.279933128,0.393250893,0.336592011
NF1,0,743,925,861.5,0.290031384,0.466744391,0.378387887,0.292251297,0.380282781,0.336267039
AP1M1,0,779,862,739.5,0.268821414,0.473893779,0.371357596,0.2705758,0.39925565,0.334915725
CYP2A13,0,883,308,371.5,0.175078773,0.509841138,0.342459955,0.174775652,0.494651855,0.334713754
PCBP1,0,834,531,616,0.221111727,0.491867592,0.35648966,0.221818959,0.446954107,0.334386533
AGO3,0,637,1050,924,0.349490392,0.442166858,0.395828625,0.353015339,0.315059536,0.334037437
RPL3,0,686,1013,693.5,0.320332278,0.45311902,0.386725649,0.323217249,0.344124111,0.33367068
XRCC6,0,684,1019,898,0.321419463,0.452197724,0.386808594,0.324328296,0.341679199,0.333003748
SNAP25,0,798,812,792,0.2552668,0.47761767,0.366442235,0.256723683,0.409138019,0.332930851
UGCG,0,799,819,804.5,0.255152589,0.477287611,0.3662201,0.256606965,0.408262116,0.332434541
IDH1,0,815,694,639.5,0.236553425,0.484411403,0.360482414,0.237599579,0.427167058,0.332383318
CDC14B,0,667,1032,740.5,0.328477887,0.448744868,0.388611378,0.331541641,0.332516096,0.332028869
CHMP6,1,845,515,449.5,0.213691196,0.492804694,0.353247945,0.214235558,0.449440965,0.331838262
EIF2S3,0,874,385,406,0.184970215,0.503828033,0.344399124,0.184884196,0.478694428,0.331789312
MAPK11,0,816,704,733.5,0.235856331,0.483982671,0.359919501,0.236887185,0.426029298,0.331458241
ACSL3,0,749,942,869.5,0.286056267,0.464636546,0.375346407,0.288188932,0.374689036,0.331438984
CHEK2,0,936,217,237.5,0.132859678,0.523126702,0.32799319,0.131629914,0.529908753,0.330769333
GTF2F1,0,797,836,709.5,0.25590971,0.475655158,0.365782434,0.257380704,0.403929953,0.330655329
DYNC2H1,0,829,649,711.5,0.226245949,0.486454815,0.356350382,0.22706587,0.432589814,0.329827842
ERBB2,0,877,396,413,0.182436448,0.502748118,0.342592283,0.182294817,0.475828576,0.329061697
MAPK9,0,868,449,429.5,0.1932641,0.498369121,0.34581661,0.19336012,0.464207701,0.32878391
CERS1,0,861,487,609,0.20120509,0.494891979,0.348048535,0.201475402,0.45498015,0.328227776
PRKCD,0,873,439,444,0.187828054,0.499307733,0.343567893,0.18780476,0.466698567,0.327251664
YWHAE,0,828,696,511,0.226373208,0.484378452,0.35537583,0.227195921,0.427079613,0.327137767
HSPA1L,0,817,752,533.5,0.233422838,0.481369869,0.357396354,0.23440028,0.41909551,0.326747895
FN1,0,791,894,827,0.259012806,0.471159437,0.365086121,0.260551909,0.391999319,0.326275614
ALDH2,0,931,242,308,0.138221358,0.5175013,0.327861329,0.137109274,0.514980203,0.326044739
DYNLL1,0,810,841,823.5,0.247286326,0.475484186,0.361385256,0.248568051,0.403476231,0.326022141
ATP1A2,0,824,746,591,0.2287529,0.48195129,0.355352095,0.229627844,0.42063847,0.325133157
CDKN1A,0,805,873,714.5,0.251258452,0.473173454,0.362215953,0.252627358,0.39734407,0.324985714
AKR1C3,0,896,374,454.5,0.168383509,0.504822667,0.336603088,0.167933438,0.481333961,0.324633699
AP3B1,0,804,878,697,0.251301408,0.472470824,0.361886116,0.252671257,0.395479447,0.324075352
HSPA1A,0,905,346,385,0.160036281,0.506748113,0.333392197,0.159403001,0.486443663,0.322923332
NAPA,0,767,960,883,0.276817905,0.461291458,0.369054681,0.278747802,0.365811923,0.322279862
IFT80,0,721,1017,920.5,0.299593973,0.452511512,0.376052742,0.302023769,0.342511921,0.322267845
AP1M2,0,822,797,625,0.230715368,0.478457134,0.354586251,0.231633385,0.411365766,0.321499576
RNGTT,0,809,892,616,0.249341334,0.471284139,0.360312736,0.250668163,0.39233025,0.321499206
PPP3CC,0,899,397,417.5,0.166682378,0.502713839,0.334698108,0.16619497,0.475737606,0.320966288
IFT140,0,787,934,784,0.261106936,0.466051994,0.363579465,0.262692001,0.378445316,0.320568659
TRNT1,0,720,1026,866.5,0.300837805,0.4506893,0.375763553,0.303294902,0.337676181,0.320485542
DBI,0,838,748,769,0.219034053,0.481852482,0.350443268,0.219695683,0.420376258,0.32003597
GPD2,1,947,228,483,0.11485515,0.520467158,0.317661154,0.113230214,0.522850921,0.318040568
HUS1,0,747,1004,736.5,0.28643123,0.454250593,0.370340911,0.288572125,0.347127051,0.317849588
IFT122,0,813,880,688,0.240125737,0.472052264,0.356089001,0.241250297,0.394368683,0.31780949
RPS26,0,908,387,443,0.157065525,0.503740007,0.330402766,0.156367041,0.478460825,0.317413933
MAPK1,0,966,152,212,0.065531307,0.538730274,0.302130791,0.062823788,0.571317126,0.317070457
ATP2A2,0,944,244,306,0.120979786,0.517265901,0.319122843,0.119489275,0.514355506,0.31692239
RIMS1,0,730,1030,916,0.296529262,0.449440477,0.37298487,0.298891794,0.334362086,0.31662694
CERS5,0,827,829,815.5,0.22649048,0.476174389,0.351332435,0.227315767,0.405307876,0.316311822
RPLP2,0,736,1025,915.5,0.292000246,0.45094227,0.371471258,0.294263372,0.338347506,0.316305439
HSPA5,0,906,419,423.5,0.159790855,0.50087021,0.330330533,0.159152188,0.47084503,0.314998609
CLTC,0,904,435,522.5,0.161643542,0.499511625,0.330577583,0.161045539,0.46723965,0.314142594
DDX39A,0,758,1006,887.5,0.279475511,0.453997984,0.366736747,0.281463739,0.346456682,0.31396021
CERS4,0,849,786,558.5,0.211559533,0.479132629,0.345346081,0.212057109,0.41315838,0.312607744
CERS6,0,840,832,795,0.218173461,0.475871909,0.347022685,0.218816203,0.404505162,0.311660683
TGFBR1,0,802,956,639,0.253558835,0.461986396,0.357772615,0.254978232,0.367656132,0.311317182
RPL12,0,732,1040,768,0.294525111,0.446180231,0.370352671,0.296843654,0.325710127,0.31127689
POLA1,0,789,969,882.5,0.260301507,0.459334989,0.359818248,0.261868895,0.360619895,0.311244395
RPL4,0,761,1022,888,0.278533533,0.4512771,0.364905316,0.280501085,0.339236069,0.309868577
RPL10,0,715,1052,829,0.30291278,0.441655018,0.372283899,0.30541542,0.313701228,0.309558324
LTV1,0,742,1039,808.5,0.290052536,0.44659027,0.368321403,0.292272913,0.326798278,0.309535595
ALDH1A1,0,923,384,465,0.141014744,0.503852253,0.322433499,0.13996397,0.478758702,0.309361336
CERS3,0,840,860,817.5,0.218173461,0.474117185,0.346145323,0.218816203,0.399848518,0.30933236
FADS2,0,853,793,795.5,0.205481596,0.478700888,0.342091242,0.20584577,0.412012634,0.308929202
HPGDS,0,862,768,655.5,0.200874855,0.480159923,0.340517389,0.201137919,0.415884586,0.308511252
RPS18,0,885,586,597.5,0.173547408,0.489457777,0.331502592,0.173210676,0.440559,0.306884838
AGTR1,0,939,368,393,0.130854613,0.505140546,0.31799758,0.12958084,0.482177541,0.305879191
CYP2C8,0,949,291,318,0.112412311,0.511778843,0.312095577,0.110733758,0.499794089,0.305263923
NUP85,0,842,896,584,0.217961388,0.471111977,0.344536683,0.218599475,0.391873373,0.305236424
EIF4A1,0,955,261,354,0.103175206,0.515220618,0.309197912,0.101293913,0.508927786,0.305110849
RAD51,0,865,790,722.5,0.196730617,0.47878832,0.337759469,0.196902721,0.412244661,0.304573691
RPS11,0,900,555,566.5,0.165740461,0.490543655,0.328142058,0.165232379,0.443440676,0.304336527
MECR,0,867,789,726,0.194403379,0.479072643,0.336738011,0.194524404,0.41299919,0.303761797
ACER3,0,837,911,808,0.219214997,0.469495073,0.344355035,0.219880598,0.387582471,0.303731535
UBE2N,0,857,837,719.5,0.202741287,0.475653345,0.339197316,0.203045316,0.40392514,0.303485228
JAK3,0,945,328,361,0.116731291,0.508490134,0.312610712,0.115147533,0.491066594,0.303107063
ALDH1B1,0,948,319,343.5,0.114319055,0.508998986,0.31165902,0.112682352,0.492416973,0.302549663
HNRNPA1,0,858,855,659,0.202486686,0.474531935,0.33850931,0.202785127,0.400949171,0.301867149
VCL,0,880,732,714.5,0.178683368,0.482720315,0.330701842,0.178459363,0.42267929,0.300569327
AGO2,0,703,1072,963.5,0.313992314,0.430509611,0.372250963,0.316738132,0.284123825,0.300430979
CERS2,0,818,958,816,0.23307812,0.461649014,0.347363567,0.234047996,0.366760797,0.300404397
CYP2E1,0,959,235,267,0.083714593,0.519158122,0.301436357,0.081406169,0.519377034,0.300391602
LSM7,0,859,875,835,0.201999103,0.472784149,0.337391626,0.202286843,0.396310941,0.299298892
DEGS2,0,909,610,634.5,0.156913683,0.488414649,0.322664166,0.156211867,0.437790771,0.297001319
HNRNPA3,0,860,902,786.5,0.201801764,0.470462821,0.336132293,0.202085172,0.390150658,0.296117915
RPL10L,0,773,1049,666.5,0.27321547,0.442450797,0.357833133,0.275066299,0.315813045,0.295439672
MAPK12,0,894,736,528.5,0.168809027,0.482625814,0.325717421,0.168368295,0.422428507,0.295398401
AGO4,0,628,1101,1015,0.353638712,0.410892497,0.382265605,0.357254708,0.232064415,0.294659562
CYP4X1,1,919,539,640,0.144288764,0.491261301,0.317775032,0.14330985,0.445345146,0.294327498
NUP205,0,875,854,597,0.184513718,0.474669997,0.329591858,0.18441768,0.401315557,0.292866618
RPS15A,0,932,526,515,0.138026839,0.492277243,0.315152041,0.136910485,0.448041228,0.292475856
SPTLC1,0,929,545,578,0.139474454,0.491092023,0.315283238,0.138389873,0.444895921,0.291642897
RPS3A,0,920,589,632.5,0.143797862,0.489347593,0.316572727,0.142808173,0.440266595,0.291537384
EXOSC5,0,669,1090,997.5,0.327731186,0.418330214,0.3730307,0.330778551,0.251802444,0.291290497
AKR1C4,0,839,966,749,0.21894866,0.460186351,0.339567505,0.219608416,0.362879217,0.291243817
SMN2,0,731,1073,965,0.295079358,0.43016418,0.362621769,0.297410066,0.283207127,0.290308597
RPS4Y2,0,917,647,704,0.146481022,0.486569858,0.31652544,0.145550225,0.432895112,0.289222669
DEGS1,0,902,779,757.5,0.16478172,0.479507211,0.322144466,0.164252595,0.414152435,0.289202515
RPS12,0,924,602,598,0.140882556,0.48869806,0.314790308,0.139828881,0.43854288,0.289185881
SMAD2,0,709,1087,745.5,0.308696191,0.423653563,0.366174877,0.311325768,0.265929414,0.288627591
AP1S2,0,911,737,676.5,0.154019175,0.482537846,0.318278511,0.153253829,0.42219506,0.287724444
NRAS,0,851,961,852,0.208701093,0.460669337,0.334685215,0.209135931,0.364160954,0.286648442
KRAS,0,895,830,799.5,0.168405429,0.476134983,0.322270206,0.167955838,0.405203301,0.28657957
THUMPD1,0,660,1102,1016.5,0.338722749,0.410089246,0.374405997,0.342011362,0.229932768,0.285972065
NUP155,0,875,915,678.5,0.184513718,0.468971952,0.326742835,0.18441768,0.386194226,0.285305953
PRPF38A,0,890,868,600,0.1720755,0.473572033,0.322823767,0.171706463,0.398401807,0.285054135
JAK1,0,940,579,633.5,0.129276498,0.489716316,0.309496407,0.127968088,0.441245104,0.284606596
STX1A,0,881,897,837,0.176562181,0.471103742,0.323832962,0.176291619,0.391851519,0.284071569
NOP58,0,727,1084,981.5,0.297188994,0.424633944,0.360911469,0.299566006,0.268531124,0.284048565
RPL26,0,686,1095,1005.5,0.320332278,0.414712115,0.367522196,0.323217249,0.242200822,0.282709035
LIPA,0,937,651,540,0.132348027,0.486367672,0.30935785,0.131107032,0.432358557,0.281732794
PRKACA,0,942,588,647,0.121567804,0.489349077,0.30545844,0.1200902,0.440270533,0.280180367
RPL10A,0,794,1067,956,0.257911746,0.436642297,0.347277021,0.259426682,0.300398593,0.279912638
RAD50,0,844,1011,932,0.213979594,0.453433261,0.333706427,0.214530286,0.344958036,0.279744161
SGPL1,0,921,776,750,0.143462329,0.47959842,0.311530374,0.142465276,0.414394483,0.278429879
RPL35,0,752,1081,970.5,0.283648223,0.425607279,0.354627751,0.285728035,0.271114137,0.278421086
AGO1,0,646,1105,1003.5,0.344412001,0.402100149,0.373256075,0.347825485,0.208731502,0.278278494
CDK7,0,879,937,866.5,0.178774337,0.465661882,0.32221811,0.178552329,0.377410046,0.277981187
MAPK7,1,964,350,595,0.073004201,0.506270243,0.289637222,0.0704607,0.485175502,0.277818101
RPLP0,0,796,1069,916.5,0.257871752,0.434839745,0.346355748,0.25938581,0.295615025,0.277500417
MAGOH,0,854,1000,863.5,0.203865879,0.455339564,0.329602721,0.204194591,0.350016934,0.277105763
RPS6,0,806,1064,943,0.2502299,0.43744577,0.343837835,0.251576231,0.302530829,0.27705353
RCL1,0,756,1082,827.5,0.27994307,0.425444804,0.352693937,0.28194156,0.270682966,0.276312263
MAPK8,0,970,275,308.5,0.049178936,0.513817331,0.281498133,0.046112508,0.505203776,0.275658142
UPF2,0,903,912,685.5,0.163703447,0.469446479,0.316574963,0.163150656,0.387453515,0.275302085
MAGOHB,0,864,996,876,0.197594445,0.455730329,0.326662387,0.197785509,0.351053937,0.274419723
HNRNPA2B1,0,710,1098,835,0.305515986,0.414070052,0.359793019,0.308075762,0.240496932,0.274286347
NCBP2,0,870,982,672.5,0.190077144,0.457950872,0.324014008,0.190103215,0.35694676,0.273524988
RPL35A,0,736,1091,963.5,0.292000246,0.417815586,0.354907916,0.294263372,0.250436736,0.272350054
TPM2,0,938,780,725,0.131827358,0.479482517,0.305654938,0.130574936,0.414086903,0.27233092
SRSF11,0,866,1005,899.5,0.195806867,0.454232328,0.325019597,0.195958696,0.34707858,0.271518638
DECR2,0,922,857,781.5,0.142590979,0.474516903,0.308553941,0.141574801,0.40090928,0.27124204
MAPK3,0,972,255,301.5,0.033530107,0.515714937,0.274622522,0.03012021,0.510239597,0.270179903
DDX18,0,255,1121,1046.5,0.511854447,0.329847749,0.420851098,0.518943035,0.016989882,0.267966459
DIS3,0,769,1089,991.5,0.276275363,0.420406918,0.34834114,0.278193352,0.257313548,0.26775345
FBXW11,0,847,1046,921,0.213244063,0.444067214,0.328655638,0.213778612,0.320102652,0.266940632
RPSA,0,907,953,878.5,0.159734053,0.463083558,0.311408806,0.15909414,0.370567754,0.264830947
ACOX3,0,954,727,556,0.106206316,0.482976085,0.294591201,0.104391551,0.423358046,0.263874798
SGPP2,0,933,893,797.5,0.136451587,0.471170764,0.303811176,0.135300659,0.39202938,0.26366502
TPM1,0,934,895,674,0.134871005,0.471127757,0.302999381,0.133685386,0.39191525,0.262800318
SLC25A6,0,882,1008,880,0.175502811,0.453887934,0.314695373,0.175208998,0.346164636,0.260686817
MAP2K2,0,967,592,680.5,0.065360154,0.489261402,0.277310778,0.062648878,0.440037864,0.251343371
RPS4X,0,975,393,413,0.023946358,0.503039923,0.26349314,0.020326113,0.476602959,0.248464536
RPS3,0,926,984,891.5,0.140739367,0.457931598,0.299335483,0.139682549,0.356895611,0.24828908
HRAS,0,878,1048,941,0.179776525,0.442559242,0.311167884,0.179576513,0.316100835,0.247838674
SLC25A4,0,950,920,835.5,0.110563783,0.467536346,0.289050064,0.108844657,0.382384452,0.245614554
PAK1,0,962,798,798.5,0.077473999,0.478332994,0.277903496,0.075028604,0.411036326,0.243032465
PRKAR1A,0,961,815,780,0.077779888,0.477403984,0.277591936,0.075341206,0.408570944,0.241956075
NOB1,0,812,1099,875,0.244711504,0.412884983,0.328798244,0.245936715,0.237352026,0.241644371
DHX37,0,913,1033,881.5,0.150343903,0.448415453,0.299379678,0.14949789,0.331641901,0.240569895
PAK2,0,963,831,564.5,0.075638527,0.476013204,0.275825865,0.073152846,0.404880126,0.239016486
YWHAB,0,960,879,837,0.081382256,0.47231013,0.276846193,0.079022641,0.395053002,0.237037821
RPA1,0,897,1061,788.5,0.167777867,0.438232538,0.303005202,0.167314502,0.304618736,0.235966619
SMAD3,0,855,1085,777.5,0.20371702,0.423985665,0.313851343,0.204042465,0.266810738,0.235426602
RPS4Y1,0,975,569,464,0.023946358,0.490060812,0.257003585,0.020326113,0.442159318,0.231242715
BTRC,0,958,954,817.5,0.093908182,0.462695856,0.278302019,0.091823491,0.36953888,0.230681186
RPS20,0,975,602,612,0.023946358,0.48869806,0.256322209,0.020326113,0.43854288,0.229434497
MAP2K1,0,971,784,785,0.043887417,0.479270212,0.261578815,0.040704848,0.413523494,0.227114171
LSM6,0,890,1074,959.5,0.1720755,0.429785022,0.300930261,0.171706463,0.282200928,0.226953696
PAK3,0,914,1065,846.5,0.14935536,0.437360534,0.293357947,0.14848765,0.302304632,0.225396141
MCM2,0,892,1076,886.5,0.171095606,0.42879452,0.299945063,0.170705061,0.279572358,0.22513871
DDX39B,0,852,1097,1009.5,0.207715044,0.414124169,0.310919606,0.208128239,0.240640547,0.224384393
CHEK1,0,957,997,921,0.099111778,0.455723218,0.277417498,0.097141298,0.351035066,0.224088182
RPS21,0,917,1067,864,0.146481022,0.436642297,0.291561659,0.145550225,0.300398593,0.222974409
SLC25A17,0,935,1054,870.5,0.133986306,0.441418548,0.287702427,0.132781269,0.313073691,0.22292748
SLC27A2,0,946,1034,935,0.115564196,0.447811521,0.281687858,0.113954821,0.330039202,0.221997012
RPS7,0,885,1092,998,0.173547408,0.417640198,0.295593803,0.173210676,0.249971297,0.211590986
ERCC2,0,792,1111,996.5,0.258421011,0.38265237,0.32053669,0.259947125,0.157121469,0.208534297
BRCA1,0,956,1053,932,0.102982581,0.441522328,0.272252455,0.10109706,0.313349099,0.207223079
CUL1,0,952,1060,945.5,0.108764648,0.438261924,0.273513286,0.107006034,0.304696718,0.205851376
RPS16,0,927,1080,882.5,0.139550636,0.42564794,0.282599288,0.138467727,0.271222042,0.204844885
HSD17B4,0,965,1045,939,0.071757662,0.444258752,0.258008207,0.069186802,0.320610953,0.194898877
BAX,0,951,1077,963,0.109857103,0.42741634,0.268636721,0.108122467,0.27591498,0.192018723
HSPA8,0,930,1094,1007.5,0.138761587,0.415198477,0.276980032,0.13766136,0.243491519,0.19057644
DHX9,0,661,1119,1024.5,0.338067785,0.338223576,0.338145681,0.341342023,0.039217443,0.190279733
RPL31,1,973,1022,719,0.032264018,0.4512771,0.241770559,0.028826333,0.339236069,0.184031201
PRPF19,0,890,1109,979.5,0.1720755,0.395400637,0.283738069,0.171706463,0.190952503,0.181329483
SKP1,0,969,1063,918,0.054527826,0.437689397,0.246108611,0.051578797,0.303177361,0.177378079
ATR,0,953,1093,1002,0.106638251,0.416989914,0.261814082,0.104832966,0.248245588,0.176539277
RPS8,0,924,1104,1009,0.140882556,0.40270204,0.271792298,0.139828881,0.210328785,0.175078833
RPS27,0,910,1108,1015.5,0.154553118,0.397052353,0.275802735,0.153799491,0.195335785,0.174567638
BUD31,0,846,1114,1008.5,0.213327345,0.366423122,0.289875233,0.213863722,0.114052696,0.163958209
GTF2H1,0,765,1118,1020.5,0.277841852,0.340976297,0.309409074,0.279794223,0.046522546,0.163158384
RPL7A,0,715,1122,1039.5,0.30291278,0.327772658,0.315342719,0.30541542,0.011483056,0.158449238
PSMB5,0,977,1066,953.5,0.012084496,0.436822343,0.224453419,0.008203901,0.300876395,0.154540148
PSMB8,0,981,1070,913,0.009189987,0.432558064,0.220874026,0.005245862,0.289559959,0.147402911
PSMD14,0,979,1071,719.5,0.009563994,0.432213297,0.220888645,0.005628078,0.288645022,0.14713655
RPL7,0,777,1122,1049,0.269870457,0.327772658,0.298821557,0.271647869,0.011483056,0.141565462
PSMD11,0,983,1078,970.5,0.008480944,0.427215259,0.217848102,0.004521257,0.275381356,0.139951306
PSMA4,0,982,1079,855.5,0.008927258,0.425906771,0.217417014,0.004977367,0.271908921,0.138443144
PSMC3,0,985,1083,865,0.006061463,0.424928936,0.2154952,0.002048672,0.269313969,0.13568132
PSMC1,0,984,1086,971,0.008113115,0.423922876,0.216017995,0.004145354,0.26664411,0.135394732
PSMC4,0,986,1088,974,0.00405679,0.420727587,0.212392189,0,0.258164532,0.129082266
EIF4A3,0,943,1113,1006,0.121126445,0.37502462,0.248075533,0.119639154,0.136879137,0.128259146
PSMC5,0,978,1096,812.5,0.010894192,0.414503145,0.212698668,0.006987472,0.241646263,0.124316867
RPS15,0,917,1116,1014,0.146481022,0.361978719,0.25422987,0.145550225,0.102258249,0.123904237
PSMC2,0,980,1107,1027,0.009193486,0.398067667,0.203630576,0.005249438,0.198030201,0.10163982
RPS14,0,928,1124,1037.5,0.139507242,0.323445593,0.231476418,0.138423381,0,0.06921169
